created_at_utc,file,column,normalized_column,rows,non_null,nulls,numeric_non_null,numeric_mean,numeric_min,numeric_max,sample_values
2026-09-30T16:56:10.817894+00:00,game_model_features_v21,game,game,9,3,6,0,,,,ATL @ WAS; GSV @ DAL; IND @ LVA
2026-09-30T16:56:10.819022+00:00,game_model_features_v21,away_team,away_team,9,9,0,0,,,,LVA; IND; MIN
2026-09-30T16:56:10.819608+00:00,game_model_features_v21,home_team,home_team,9,9,0,0,,,,DAL; GSV; CHI
2026-09-30T16:56:10.820141+00:00,game_model_features_v21,created_at_utc,created_at_utc,9,9,0,0,,,,2026-09-30T16:56:10.498243+00:00; 2026-09-30T16:56:10.498615+00:00; 2026-09-30T16:56:10.498872+00:00
2026-09-30T16:56:10.820628+00:00,game_model_features_v21,projection,projection,9,6,3,6,172.13666666666668,169.18,175.52,175.0; 169.89; 169.18
2026-09-30T16:56:10.821251+00:00,game_model_features_v21,line,line,9,3,6,3,168.11805555555554,157.125,181.16666666666663,166.0625; 157.125; 181.16666666666663
2026-09-30T16:56:10.821838+00:00,game_model_features_v21,edge,edge,9,6,3,6,2.72,-1.5,6.52,-1.5; 2.89; -0.82
2026-09-30T16:56:10.822395+00:00,game_model_features_v21,confidence,confidence,9,6,3,6,50.0,34.0,73.0,34.0; 41.0; 45.0
2026-09-30T16:56:10.822966+00:00,game_model_features_v21,away_team_pts_for_l3,away_team_pts_for_l3,9,9,0,9,90.22222222222223,80.33333333333333,108.66666666666669,94.0; 108.66666666666669; 80.33333333333333
2026-09-30T16:56:10.823465+00:00,game_model_features_v21,away_team_pts_for_l5,away_team_pts_for_l5,9,9,0,9,90.68888888888888,80.8,102.4,90.2; 102.4; 82.0
2026-09-30T16:56:10.823939+00:00,game_model_features_v21,away_team_pts_for_l10,away_team_pts_for_l10,9,9,0,9,89.96666666666667,80.7,98.5,86.4; 98.5; 88.6
2026-09-30T16:56:10.824396+00:00,game_model_features_v21,away_team_margin_l5,away_team_margin_l5,9,9,0,9,5.711111111111112,-2.4,14.4,6.6; 7.2; 0.8
2026-09-30T16:56:10.824886+00:00,game_model_features_v21,away_playerlog_team_pts_l5,away_playerlog_team_pts_l5,9,9,0,9,88.11111111111111,80.0,97.0,93.2; 91.8; 87.8
2026-09-30T16:56:10.825325+00:00,game_model_features_v21,away_starter_minutes_concentration,away_starter_minutes_concentration,9,9,0,9,0.7335131742464315,0.6869807263848201,0.7745172141582181,0.7205171673679649; 0.7211576636189743; 0.743221783041188
2026-09-30T16:56:10.825821+00:00,game_model_features_v21,away_bench_minutes_share,away_bench_minutes_share,9,9,0,9,0.2664868257535686,0.2254827858417818,0.3130192736151799,0.279482832632035; 0.2788423363810258; 0.256778216958812
2026-09-30T16:56:10.826276+00:00,game_model_features_v21,away_dash_pts,away_dash_pts,9,8,1,8,88.875,83.9,92.9,91.0; 92.9; 88.4
2026-09-30T16:56:10.826808+00:00,game_model_features_v21,away_dash_plus_minus,away_dash_plus_minus,9,8,1,8,4.5,-3.1,9.3,2.4; 5.4; 9.3
2026-09-30T16:56:10.827293+00:00,game_model_features_v21,away_dreb_allowed_blended_dreb_allowed,away_dreb_allowed_blended_dreb_allowed,9,9,0,9,24.74786756453423,23.53246753246753,26.98989898989899,26.09025974025974; 24.79025974025974; 23.704545454545453
2026-09-30T16:56:10.827791+00:00,game_model_features_v21,away_dreb_allowed_rank,away_dreb_allowed_rank,9,9,0,9,9.444444444444445,2.0,15.0,5.0; 8.0; 12.0
2026-09-30T16:56:10.828248+00:00,game_model_features_v21,home_team_pts_for_l3,home_team_pts_for_l3,9,9,0,9,87.29629629629629,79.0,95.0,95.0; 84.66666666666667; 79.0
2026-09-30T16:56:10.828705+00:00,game_model_features_v21,home_team_pts_for_l5,home_team_pts_for_l5,9,9,0,9,86.42222222222223,80.6,90.2,89.2; 80.8; 80.6
2026-09-30T16:56:10.829134+00:00,game_model_features_v21,home_team_pts_for_l10,home_team_pts_for_l10,9,9,0,9,86.44444444444443,81.7,89.7,88.5; 81.7; 82.5
2026-09-30T16:56:10.829592+00:00,game_model_features_v21,home_team_margin_l5,home_team_margin_l5,9,9,0,9,4.2,-7.6,14.4,12.8; 14.4; -7.6
2026-09-30T16:56:10.830031+00:00,game_model_features_v21,home_playerlog_team_pts_l5,home_playerlog_team_pts_l5,9,9,0,9,84.53333333333335,75.8,93.2,89.2; 83.8; 82.4
2026-09-30T16:56:10.830473+00:00,game_model_features_v21,home_starter_minutes_concentration,home_starter_minutes_concentration,9,9,0,9,0.7007174254077513,0.6045510141038569,0.7245424583404475,0.7231420636748725; 0.6986862770826151; 0.7061453953670802
2026-09-30T16:56:10.830919+00:00,game_model_features_v21,home_bench_minutes_share,home_bench_minutes_share,9,9,0,9,0.2992825745922486,0.2754575416595525,0.3954489858961432,0.2768579363251274; 0.3013137229173849; 0.2938546046329197
2026-09-30T16:56:10.831369+00:00,game_model_features_v21,home_dash_pts,home_dash_pts,9,8,1,8,86.425,82.8,91.0,88.9; 86.4; 82.8
2026-09-30T16:56:10.831893+00:00,game_model_features_v21,home_dash_plus_minus,home_dash_plus_minus,9,8,1,8,1.425,-3.7,8.4,4.1; 8.4; -3.5
2026-09-30T16:56:10.832366+00:00,game_model_features_v21,home_dreb_allowed_blended_dreb_allowed,home_dreb_allowed_blended_dreb_allowed,9,9,0,9,25.068678852012184,23.67207792207792,26.21818181818182,26.03181818181818; 25.61753246753247; 26.21818181818182
2026-09-30T16:56:10.832830+00:00,game_model_features_v21,home_dreb_allowed_rank,home_dreb_allowed_rank,9,9,0,9,8.333333333333334,3.0,14.0,6.0; 7.0; 3.0
2026-09-30T16:56:10.833251+00:00,game_model_features_v21,combined_playerlog_pts_l5,combined_playerlog_pts_l5,9,9,0,9,172.64444444444445,155.8,185.0,182.4; 175.6; 170.2
2026-09-30T16:56:10.833674+00:00,game_model_features_v21,combined_dash_pts,combined_dash_pts,9,7,2,7,175.9857142857143,167.3,183.9,179.9; 179.3; 171.2
2026-09-30T16:56:10.834113+00:00,game_model_features_v21,projection_minus_line,projection_minus_line,9,0,9,0,,,,
2026-09-30T16:56:10.834527+00:00,game_model_features_v21,event_id,event_id,9,3,6,0,,,,2e0dc047f09840084e34e02f5d39b8fb; 9c267dad149001fe5eccdf229290ec13; ee2b184fd8957e70d5dfe20da80f01c5
2026-09-30T16:56:10.834962+00:00,game_model_features_v21,home_team_market,home_team_market,9,3,6,0,,,,Washington Mystics; Dallas Wings; Las Vegas Aces
2026-09-30T16:56:10.835386+00:00,game_model_features_v21,away_team_market,away_team_market,9,3,6,0,,,,Atlanta Dream; Golden State Valkyries; Indiana Fever
2026-09-30T16:56:10.835805+00:00,game_model_features_v21,market_total_mean,market_total_mean,9,3,6,3,168.11805555555554,157.125,181.16666666666663,166.0625; 157.125; 181.16666666666663
2026-09-30T16:56:10.836233+00:00,game_model_features_v21,market_total_median,market_total_median,9,3,6,3,168.16666666666666,157.25,181.0,166.25; 157.25; 181.0
2026-09-30T16:56:10.836665+00:00,game_model_features_v21,market_total_min,market_total_min,9,3,6,3,167.5,156.5,180.5,165.5; 156.5; 180.5
2026-09-30T16:56:10.837080+00:00,game_model_features_v21,market_total_max,market_total_max,9,3,6,3,168.5,157.5,181.5,166.5; 157.5; 181.5
2026-09-30T16:56:10.837520+00:00,game_model_features_v21,market_total_range,market_total_range,9,3,6,3,1.0,1.0,1.0,1.0; 1.0; 1.0
2026-09-30T16:56:10.837942+00:00,game_model_features_v21,market_total_books,market_total_books,9,3,6,3,8.333333333333334,8.0,9.0,8.0; 8.0; 9.0
2026-09-30T16:56:10.838356+00:00,game_model_features_v21,market_total_rows,market_total_rows,9,3,6,3,16.666666666666668,16.0,18.0,16.0; 16.0; 18.0
2026-09-30T16:56:10.838806+00:00,game_model_features_v21,_home_code,home_code,9,3,6,0,,,,WAS; DAL; LVA
2026-09-30T16:56:10.839224+00:00,game_model_features_v21,_away_code,away_code,9,3,6,0,,,,ATL; GSV; IND
2026-09-30T16:56:10.839742+00:00,team_features_v21,team,team,17,17,0,0,,,,ATL; CHI; CON
2026-09-30T16:56:10.840149+00:00,team_features_v21,created_at_utc,created_at_utc,17,17,0,0,,,,2026-09-30T16:56:08.582448+00:00; 2026-09-30T16:56:08.607838+00:00; 2026-09-30T16:56:08.631646+00:00
2026-09-30T16:56:10.840604+00:00,team_features_v21,source_priority,source_priority,17,17,0,0,,,,official_mobile_first; official_mobile_first; official_mobile_first
2026-09-30T16:56:10.840988+00:00,team_features_v21,team_games_official,team_games_official,17,17,0,17,68.94117647058823,0.0,84.0,84; 84; 84
2026-09-30T16:56:10.841423+00:00,team_features_v21,team_pts_for_l3,team_pts_for_l3,17,15,2,15,84.88888888888889,73.33333333333333,108.66666666666669,83.33333333333333; 79.0; 75.33333333333333
2026-09-30T16:56:10.841919+00:00,team_features_v21,team_pts_for_l5,team_pts_for_l5,17,15,2,15,85.28,76.0,102.4,94.6; 80.6; 76.2
2026-09-30T16:56:10.842378+00:00,team_features_v21,team_pts_for_l10,team_pts_for_l10,17,15,2,15,86.3,76.3,98.5,94.6; 82.5; 76.3
2026-09-30T16:56:10.842864+00:00,team_features_v21,team_margin_l3,team_margin_l3,17,15,2,15,0.5111111111111108,-23.666666666666668,22.0,-1.0; -16.0; -23.666666666666668
2026-09-30T16:56:10.843317+00:00,team_features_v21,team_margin_l5,team_margin_l5,17,15,2,15,0.22666666666666674,-14.8,14.4,8.6; -7.6; -14.8
2026-09-30T16:56:10.843770+00:00,team_features_v21,team_margin_l10,team_margin_l10,17,15,2,15,-0.12666666666666693,-12.8,11.3,9.6; -6.2; -12.8
2026-09-30T16:56:10.844204+00:00,team_features_v21,team_dreb_pg_official,team_dreb_pg_official,17,15,2,15,25.029126984126986,22.325,26.98809523809524,26.23809523809524; 25.547619047619047; 23.297619047619047
2026-09-30T16:56:10.844677+00:00,team_features_v21,team_ast_pg_official,team_ast_pg_official,17,15,2,15,20.44555555555556,18.166666666666668,22.55952380952381,21.25; 20.33333333333333; 18.166666666666668
2026-09-30T16:56:10.845111+00:00,team_features_v21,team_tov_pg_official,team_tov_pg_official,17,15,2,15,13.967460317460318,12.61904761904762,15.571428571428571,13.214285714285714; 15.19047619047619; 14.19047619047619
2026-09-30T16:56:10.845583+00:00,team_features_v21,playerlog_team_pts_l3,playerlog_team_pts_l3,17,15,2,15,82.77777777777779,63.333333333333336,96.66666666666669,83.0; 79.0; 63.333333333333336
2026-09-30T16:56:10.846062+00:00,team_features_v21,playerlog_team_pts_l5,playerlog_team_pts_l5,17,15,2,15,84.41333333333333,70.4,97.0,83.8; 82.4; 70.4
2026-09-30T16:56:10.846524+00:00,team_features_v21,playerlog_team_pts_l10,playerlog_team_pts_l10,17,15,2,15,84.4488888888889,74.4,92.4,86.6; 80.9; 74.4
2026-09-30T16:56:10.846992+00:00,team_features_v21,playerlog_team_games,playerlog_team_games,17,15,2,15,46.13333333333333,9.0,53.0,51.0; 52.0; 53.0
2026-09-30T16:56:10.847452+00:00,team_features_v21,playerlog_total_minutes_pg,playerlog_total_minutes_pg,17,15,2,15,200.5662836639252,200.0111111111111,201.52745098039216,200.5176470588235; 200.0519230769231; 200.5358490566038
2026-09-30T16:56:10.847972+00:00,team_features_v21,starter_minutes_concentration,starter_minutes_concentration,17,15,2,15,0.7127780537008637,0.6045510141038569,0.7745172141582181,0.767690036472564; 0.7061453953670802; 0.6874812878962604
2026-09-30T16:56:10.848510+00:00,team_features_v21,bench_minutes_share,bench_minutes_share,17,15,2,15,0.2872219462991365,0.2254827858417818,0.3954489858961432,0.2323099635274361; 0.2938546046329197; 0.3125187121037394
2026-09-30T16:56:10.849032+00:00,team_features_v21,team_fga_pg_playerlog,team_fga_pg_playerlog,17,15,2,15,67.17152657224798,63.64705882352941,71.09615384615384,67.88235294117646; 66.5576923076923; 67.43396226415095
2026-09-30T16:56:10.849543+00:00,team_features_v21,team_fta_pg_playerlog,team_fta_pg_playerlog,17,15,2,15,19.216508090092997,16.403846153846153,25.55555555555556,19.11764705882353; 18.442307692307693; 18.471698113207548
2026-09-30T16:56:10.850047+00:00,team_features_v21,team_3pm_pg_playerlog,team_3pm_pg_playerlog,17,15,2,15,8.318518834723053,5.588235294117647,10.22222222222222,9.392156862745098; 6.538461538461538; 6.0
2026-09-30T16:56:10.850559+00:00,team_features_v21,team_ast_pg_playerlog,team_ast_pg_playerlog,17,15,2,15,19.982267565952363,17.471698113207548,22.98076923076923,21.19607843137255; 19.307692307692307; 17.471698113207548
2026-09-30T16:56:10.851064+00:00,team_features_v21,team_reb_pg_playerlog,team_reb_pg_playerlog,17,15,2,15,33.29231227727343,27.33333333333333,36.72549019607843,36.72549019607843; 35.34615384615385; 32.15094339622642
2026-09-30T16:56:10.851518+00:00,team_features_v21,dash_gp,dash_gp,17,15,2,15,8.0,7.0,9.0,7.0; 8.0; 9.0
2026-09-30T16:56:10.851964+00:00,team_features_v21,dash_wins,dash_wins,17,15,2,15,4.0,1.0,6.0,5.0; 3.0; 1.0
2026-09-30T16:56:10.852395+00:00,team_features_v21,dash_losses,dash_losses,17,15,2,15,4.0,2.0,8.0,2.0; 5.0; 8.0
2026-09-30T16:56:10.852844+00:00,team_features_v21,dash_win_pct,dash_win_pct,17,15,2,15,0.5102666666666666,0.111,0.75,0.714; 0.375; 0.111
2026-09-30T16:56:10.853267+00:00,team_features_v21,dash_pts,dash_pts,17,15,2,15,85.62666666666668,74.7,92.9,83.9; 82.8; 74.7
2026-09-30T16:56:10.853719+00:00,team_features_v21,dash_plus_minus,dash_plus_minus,17,15,2,15,0.27333333333333326,-14.2,9.3,4.1; -3.5; -14.2
2026-09-30T16:56:10.854143+00:00,team_features_v21,dreb_allowed_rank,dreb_allowed_rank,17,15,2,15,8.0,1.0,15.0,15.0; 3.0; 4.0
2026-09-30T16:56:10.854583+00:00,team_features_v21,dreb_allowed_blended_dreb_allowed,dreb_allowed_blended_dreb_allowed,17,15,2,15,25.070461760461757,23.53246753246753,27.02626262626263,23.53246753246753; 26.21818181818182; 26.193939393939395
2026-09-30T16:56:10.855016+00:00,team_features_v21,dreb_allowed_dreb_allowed_2025,dreb_allowed_dreb_allowed_2025,17,13,4,13,25.52622377622378,23.863636363636363,27.63636363636364,24.363636363636363; 23.863636363636363; 26.545454545454547
2026-09-30T16:56:10.855481+00:00,team_features_v21,dreb_allowed_dreb_allowed_2026,dreb_allowed_dreb_allowed_2026,17,15,2,15,24.69206349206349,21.571428571428573,29.75,22.285714285714285; 29.75; 25.666666666666668
2026-09-30T16:56:10.855970+00:00,team_features_v21,dreb_allowed_signal,dreb_allowed_signal,17,9,8,0,,,,UNDER; OVER; OVER
2026-09-30T16:56:10.856619+00:00,player_features_v21,team,team,337,337,0,0,,,,ATL; ATL; ATL
2026-09-30T16:56:10.857240+00:00,player_features_v21,player,player,337,337,0,0,,,,Aaliyah Nye; Allisha Gray; Angel Reese
2026-09-30T16:56:10.857851+00:00,player_features_v21,created_at_utc,created_at_utc,337,337,0,0,,,,2026-09-30T16:56:08.939464+00:00; 2026-09-30T16:56:08.943766+00:00; 2026-09-30T16:56:08.948221+00:00
2026-09-30T16:56:10.858256+00:00,player_features_v21,games,games,337,337,0,337,19.596439169139465,1.0,53.0,5; 49; 7
2026-09-30T16:56:10.858705+00:00,player_features_v21,minutes_avg,minutes_avg,337,337,0,337,17.548631498295567,0.1,35.08979591836735,1.2; 34.381632653061224; 31.2
2026-09-30T16:56:10.859358+00:00,player_features_v21,minutes_l3,minutes_l3,337,337,0,337,17.35316518298714,0.1,35.666666666666664,1.1666666666666667; 32.266666666666666; 30.466666666666665
2026-09-30T16:56:10.860029+00:00,player_features_v21,minutes_l5,minutes_l5,337,337,0,337,17.476186943620178,0.1,35.28,1.2; 33.58; 30.44
2026-09-30T16:56:10.860611+00:00,player_features_v21,points_avg,points_avg,337,337,0,337,6.736399420791786,0.0,23.5531914893617,0.0; 18.693877551020407; 13.142857142857142
2026-09-30T16:56:10.861215+00:00,player_features_v21,points_l3,points_l3,337,337,0,337,6.590009891196834,0.0,27.33333333333333,0.0; 17.333333333333332; 15.0
2026-09-30T16:56:10.861817+00:00,player_features_v21,points_l5,points_l5,337,337,0,337,6.687932739861522,0.0,26.8,0.0; 18.6; 13.8
2026-09-30T16:56:10.862336+00:00,player_features_v21,rebounds_avg,rebounds_avg,337,337,0,337,2.818412387523215,0.0,12.566666666666666,0.0; 5.142857142857143; 11.0
2026-09-30T16:56:10.862963+00:00,player_features_v21,rebounds_l3,rebounds_l3,337,337,0,337,2.7576656775469828,0.0,14.333333333333334,0.0; 1.3333333333333333; 10.0
2026-09-30T16:56:10.863572+00:00,player_features_v21,rebounds_l5,rebounds_l5,337,337,0,337,2.782591493570722,0.0,14.2,0.0; 3.4; 9.4
2026-09-30T16:56:10.864081+00:00,player_features_v21,dreb_avg,dreb_avg,337,337,0,337,2.1027528513612093,0.0,8.5,0.0; 4.326530612244898; 5.571428571428571
2026-09-30T16:56:10.864693+00:00,player_features_v21,dreb_l3,dreb_l3,337,337,0,337,2.052917903066271,0.0,10.0,0.0; 1.3333333333333333; 5.333333333333333
2026-09-30T16:56:10.865331+00:00,player_features_v21,dreb_l5,dreb_l5,337,337,0,337,2.0767556874381796,0.0,10.2,0.0; 3.0; 5.2
2026-09-30T16:56:10.865894+00:00,player_features_v21,assists_avg,assists_avg,337,337,0,337,1.7279534294361891,0.0,8.958333333333334,0.2; 3.183673469387755; 3.2857142857142856
2026-09-30T16:56:10.866536+00:00,player_features_v21,assists_l3,assists_l3,337,337,0,337,1.7289812067260137,0.0,9.0,0.3333333333333333; 1.3333333333333333; 4.666666666666667
2026-09-30T16:56:10.867151+00:00,player_features_v21,assists_l5,assists_l5,337,337,0,337,1.725519287833828,0.0,8.8,0.2; 1.2; 3.8
2026-09-30T16:56:10.867671+00:00,player_features_v21,threes_avg,threes_avg,337,337,0,337,0.6680574602842674,0.0,3.076923076923077,0.0; 2.326530612244898; 0.0
2026-09-30T16:56:10.868266+00:00,player_features_v21,threes_l3,threes_l3,337,337,0,337,0.6607319485657764,0.0,4.666666666666667,0.0; 3.333333333333333; 0.0
2026-09-30T16:56:10.868853+00:00,player_features_v21,threes_l5,threes_l5,337,337,0,337,0.6535608308605341,0.0,3.2,0.0; 2.2; 0.0
2026-09-30T16:56:10.869348+00:00,player_features_v21,turnovers_avg,turnovers_avg,337,337,0,337,1.1910961891575425,0.0,5.105263157894737,0.0; 1.7959183673469388; 4.285714285714286
2026-09-30T16:56:10.870022+00:00,player_features_v21,turnovers_l3,turnovers_l3,337,337,0,337,1.1810089020771513,0.0,5.333333333333333,0.0; 2.333333333333333; 3.0
2026-09-30T16:56:10.870657+00:00,player_features_v21,turnovers_l5,turnovers_l5,337,337,0,337,1.181305637982196,0.0,5.2,0.0; 2.0; 4.4
2026-09-30T16:56:10.871210+00:00,player_features_v21,fga_avg,fga_avg,337,337,0,337,5.596241063217724,0.0,16.51063829787234,0.2; 13.346938775510203; 10.857142857142858
2026-09-30T16:56:10.871870+00:00,player_features_v21,fga_l3,fga_l3,337,337,0,337,5.449060336300692,0.0,18.666666666666668,0.3333333333333333; 12.666666666666666; 12.666666666666666
2026-09-30T16:56:10.872508+00:00,player_features_v21,fga_l5,fga_l5,337,337,0,337,5.497082096933729,0.0,17.8,0.2; 14.0; 11.4
2026-09-30T16:56:10.873037+00:00,player_features_v21,fta_avg,fta_avg,337,337,0,337,1.6171499840430235,0.0,8.0,0.0; 5.428571428571429; 5.857142857142857
2026-09-30T16:56:10.873667+00:00,player_features_v21,fta_l3,fta_l3,337,337,0,337,1.6033630069238376,0.0,10.333333333333334,0.0; 3.0; 7.0
2026-09-30T16:56:10.874255+00:00,player_features_v21,fta_l5,fta_l5,337,337,0,337,1.6340257171117705,0.0,8.2,0.0; 4.4; 6.2
2026-09-30T16:56:10.874774+00:00,player_features_v21,scoring_dependency,scoring_dependency,337,337,0,337,0.0814191019564288,0.0,0.2765488868654442,0.0; 0.2231703023705297; 0.1569087039132686
2026-09-30T16:56:10.875458+00:00,player_features_v21,dash_gp,dash_gp,337,309,28,309,13.809061488673139,1.0,44.0,5.0; 7.0; 7.0
2026-09-30T16:56:10.876037+00:00,player_features_v21,dash_w,dash_w,337,309,28,309,6.818770226537217,0.0,34.0,3.0; 5.0; 5.0
2026-09-30T16:56:10.876579+00:00,player_features_v21,dash_l,dash_l,337,309,28,309,6.990291262135922,0.0,34.0,2.0; 2.0; 2.0
2026-09-30T16:56:10.877092+00:00,player_features_v21,dash_w_pct,dash_w_pct,337,309,28,309,0.500294498381877,0.0,1.0,0.6; 0.714; 0.714
2026-09-30T16:56:10.877624+00:00,player_features_v21,dash_min,dash_min,337,309,28,309,17.91779935275081,0.1,35.6,1.2; 33.5; 31.2
2026-09-30T16:56:10.878162+00:00,player_features_v21,dash_pts,dash_pts,337,309,28,309,7.039482200647249,0.0,26.8,0.0; 20.4; 13.1
2026-09-30T16:56:10.878724+00:00,player_features_v21,dash_reb,dash_reb,337,309,28,309,2.8763754045307444,0.0,12.6,0.0; 4.1; 11.0
2026-09-30T16:56:10.879245+00:00,player_features_v21,dash_ast,dash_ast,337,309,28,309,1.7831715210355987,0.0,8.5,0.2; 1.3; 3.3
2026-09-30T16:56:10.879778+00:00,player_features_v21,dash_plus_minus,dash_plus_minus,337,309,28,309,-0.6181229773462782,-22.0,13.0,0.4; 7.6; 0.4
2026-09-30T16:56:10.880352+00:00,market_features_v21,event_id,event_id,3,3,0,0,,,,2e0dc047f09840084e34e02f5d39b8fb; 9c267dad149001fe5eccdf229290ec13; ee2b184fd8957e70d5dfe20da80f01c5
2026-09-30T16:56:10.880775+00:00,market_features_v21,home_team,home_team,3,3,0,0,,,,Washington Mystics; Dallas Wings; Las Vegas Aces
2026-09-30T16:56:10.881149+00:00,market_features_v21,away_team,away_team,3,3,0,0,,,,Atlanta Dream; Golden State Valkyries; Indiana Fever
2026-09-30T16:56:10.881522+00:00,market_features_v21,market_total_mean,market_total_mean,3,3,0,3,168.11805555555554,157.125,181.16666666666663,166.0625; 157.125; 181.16666666666663
2026-09-30T16:56:10.881920+00:00,market_features_v21,market_total_median,market_total_median,3,3,0,3,168.16666666666666,157.25,181.0,166.25; 157.25; 181.0
2026-09-30T16:56:10.882315+00:00,market_features_v21,market_total_min,market_total_min,3,3,0,3,167.5,156.5,180.5,165.5; 156.5; 180.5
2026-09-30T16:56:10.882727+00:00,market_features_v21,market_total_max,market_total_max,3,3,0,3,168.5,157.5,181.5,166.5; 157.5; 181.5
2026-09-30T16:56:10.883109+00:00,market_features_v21,market_total_range,market_total_range,3,3,0,3,1.0,1.0,1.0,1.0; 1.0; 1.0
2026-09-30T16:56:10.883502+00:00,market_features_v21,market_total_books,market_total_books,3,3,0,3,8.333333333333334,8.0,9.0,8; 8; 9
2026-09-30T16:56:10.883876+00:00,market_features_v21,market_total_rows,market_total_rows,3,3,0,3,16.666666666666668,16.0,18.0,16; 16; 18
2026-09-30T16:56:10.884285+00:00,model_backtest_v21,created_at_utc,created_at_utc,12,12,0,0,,,,2026-09-29T17:00:22.047720+00:00; 2026-09-29T17:00:22.052065+00:00; 2026-09-29T17:00:22.048708+00:00
2026-09-30T16:56:10.884708+00:00,model_backtest_v21,candidate,candidate,12,12,0,0,,,,market_total_range; combined_playerlog_pts_l5; playerlog_team_pts_l5
2026-09-30T16:56:10.885088+00:00,model_backtest_v21,source_table,source_table,12,12,0,0,,,,market_features_v21; game_model_features_v21; team_features_v21
2026-09-30T16:56:10.885479+00:00,model_backtest_v21,status,status,12,12,0,0,,,,CANDIDATE; CANDIDATE; CANDIDATE
2026-09-30T16:56:10.885851+00:00,model_backtest_v21,sample_size,sample_size,12,12,0,12,63.916666666666664,0.0,337.0,4; 10; 15
2026-09-30T16:56:10.886242+00:00,model_backtest_v21,direction,direction,12,12,0,0,,,,higher_range_lowers_confidence; higher_combined_recent_points_supports_over; higher_recent_team_points_supports_over_environment
2026-09-30T16:56:10.886634+00:00,model_backtest_v21,score,score,12,12,0,12,8.822724600450757,0.0,19.27397785155473,5.0; 19.27397785155473; 14.616989462689672
2026-09-30T16:56:10.887072+00:00,model_backtest_v21,evidence,evidence,12,12,0,0,,,,"market_total_range found in market_features_v21.market_total_range; n=4, mean=0.3750, min=0.0000, max=0.5000, std=0.2500; combined_playerlog_pts_l5 found in game_model_features_v21.combined_playerlog_pts_l5; n=10, mean=171.7400, min=155.8000, max=185.0000, std=9.6370; playerlog_team_pts_l5 found in "
2026-09-30T16:56:10.887460+00:00,model_backtest_v21,recommendation,recommendation,12,12,0,0,,,,"Use as a confidence/risk gate: wide book disagreement lowers confidence, not projection.; Combined recent team scoring candidate for totals environment.; Use as capped recent form environment candidate. Do not let recent scoring dominate baseline."
2026-09-30T16:56:10.887838+00:00,model_backtest_v21,implementation_stage,implementation_stage,12,12,0,0,,,,CONFIDENCE_GATE_CANDIDATE; BACKTEST_ONLY; BACKTEST_ONLY
2026-09-30T16:56:10.888199+00:00,model_backtest_v21,approved_for_live_formula,approved_for_live_formula,12,12,0,12,0.0,0.0,0.0,False; False; False
2026-09-30T16:56:10.888604+00:00,model_backtest_v21,approved_for_manual_review,approved_for_manual_review,12,12,0,12,1.0,1.0,1.0,True; True; True
2026-09-30T16:56:10.888992+00:00,model_backtest_v21,safety_gate,safety_gate,12,12,0,0,,,,Manual review only. Do not apply live formula weight until validated against graded results and CLV.; Manual review only. Do not apply live formula weight until validated against graded results and CLV.; Manual review only. Do not apply live formula weight until validated against graded results and 
2026-09-30T16:56:10.889357+00:00,model_backtest_v21,backtest_ready,backtest_ready,12,12,0,12,0.8333333333333334,0.0,1.0,True; True; True
2026-09-30T16:56:10.889742+00:00,model_backtest_v21,requires_result_dataset,requires_result_dataset,12,12,0,12,0.3333333333333333,0.0,1.0,True; True; True
2026-09-30T16:56:10.890153+00:00,model_upgrade_recommendations_v21,created_at_utc,created_at_utc,8,8,0,0,,,,2026-09-29T17:00:21.715866+00:00; 2026-09-29T17:00:21.717087+00:00; 2026-09-29T17:00:21.717099+00:00
2026-09-30T16:56:10.890558+00:00,model_upgrade_recommendations_v21,priority,priority,8,8,0,8,1.375,1.0,2.0,1; 1; 1
2026-09-30T16:56:10.890961+00:00,model_upgrade_recommendations_v21,area,area,8,8,0,0,,,,data; execution; hermes
2026-09-30T16:56:10.891342+00:00,model_upgrade_recommendations_v21,title,title,8,8,0,0,,,,Promote official WNBA mobile data to primary model source; Separate model signal quality from execution fill quality; Keep Hermes in manual approval during model upgrade
2026-09-30T16:56:10.891734+00:00,model_upgrade_recommendations_v21,status,status,8,8,0,0,,,,READY; READY; REQUIRED
2026-09-30T16:56:10.892106+00:00,model_upgrade_recommendations_v21,evidence,evidence,8,8,0,0,,,,"Official player logs/team dash/player dash are ready. Rows: game=10, team=17, player=337.; Execution groups=27; tickets=None; net P/L=0.7109999999999997.; Active locks: ['ENVIRONMENT_SAMPLE_LOCK', 'INJURY_CONFIRMATION_LOCK', 'MANUAL_APPROVAL_REQUIRED', 'MODEL_SAMPLE_LOCK']"
2026-09-30T16:56:10.892494+00:00,model_upgrade_recommendations_v21,recommended_change,recommended_change,8,8,0,0,,,,"Use official_mobile_playergamelogs_v21, official_mobile_team_dash_base_v21, and official_mobile_player_dash_base_v21 as primary feature inputs before SportsDataverse fallback.; Keep two scorecards: model recommended line/edge and actual execution fill/CLV. Do not let multiple fills of one signal dis"
2026-09-30T16:56:10.892938+00:00,model_upgrade_recommendations_v21,safety_gate,safety_gate,8,8,0,0,,,,Safe: read-only feature input promotion; no formula change until backtest.; Safe: reporting/accounting only.; Required: no auto-betting or threshold changes.
2026-09-30T16:56:10.893322+00:00,model_upgrade_recommendations_v21,owner,owner,8,8,0,0,,,,model; model; hermes
