created_at_utc,date,game,side,line,projection,edge,units,advisory_score,advisory_label,risk_flags,manual_review_priority,game_start_utc,game_date,timing_source,signal_age_hours,is_stale,freshness_reason,queue_actionability,approval_state,message
2026-10-06T17:14:27.973617+00:00,,LAS @ WAS,OVER,,175.52,6.52,0.75,19.816848872480026,NEUTRAL,NO_LINE,1.0,,,,0.0,false,no_trusted_game_date; no_line; non_actionable_label:NEUTRAL,HIDDEN_NO_SCHEDULE,ADVISORY_ONLY_MANUAL_REVIEW,LAS @ WAS OVER advisory=19.8 label=NEUTRAL flags=NO_LINE
2026-10-06T17:14:27.973697+00:00,2026-05-29,LAS @ WAS,OVER,,175.52,6.52,,19.816848872480026,NEUTRAL,NO_LINE,1.0,2026-05-29T23:30:00+00:00,2026-05-29,commence_time,0.0,true,schedule_mismatch_upstream_trusted; game_started; no_line; non_actionable_label:NEUTRAL,HIDDEN_STALE,ADVISORY_ONLY_MANUAL_REVIEW,LAS @ WAS OVER advisory=19.8 label=NEUTRAL flags=NO_LINE
2026-10-06T17:14:27.974006+00:00,2026-05-30,ATL @ PDX,OVER,,169.84,5.34,,16.216246529112283,NEUTRAL,NO_LINE,2.0,2026-05-30T02:00:00+00:00,2026-05-30,commence_time,0.0,true,game_started; no_line; non_actionable_label:NEUTRAL,HIDDEN_STALE,ADVISORY_ONLY_MANUAL_REVIEW,ATL @ PDX OVER advisory=16.2 label=NEUTRAL flags=NO_LINE
2026-10-06T17:14:27.973654+00:00,,PHX @ NYL,OVER,,173.39,3.89,0.35,12.036684488663292,NEUTRAL,NO_LINE,3.0,,,,0.0,false,no_trusted_game_date; no_line; non_actionable_label:NEUTRAL,HIDDEN_NO_SCHEDULE,ADVISORY_ONLY_MANUAL_REVIEW,PHX @ NYL OVER advisory=12.0 label=NEUTRAL flags=NO_LINE
2026-10-06T17:14:27.973770+00:00,2026-05-29,PHX @ NYL,OVER,,173.39,3.89,,12.036684488663292,NEUTRAL,NO_LINE,3.0,2026-05-29T23:30:00+00:00,2026-05-29,commence_time,0.0,true,schedule_mismatch_upstream_trusted; game_started; no_line; non_actionable_label:NEUTRAL,HIDDEN_STALE,ADVISORY_ONLY_MANUAL_REVIEW,PHX @ NYL OVER advisory=12.0 label=NEUTRAL flags=NO_LINE
2026-10-06T17:14:27.973865+00:00,2026-05-29,IND @ GSV,OVER,,169.89,2.89,,8.845002137464808,NEUTRAL,NO_LINE,4.0,2026-05-29T02:10:00+00:00,2026-05-29,commence_time,0.0,true,game_started; no_line; non_actionable_label:NEUTRAL,HIDDEN_STALE,ADVISORY_ONLY_MANUAL_REVIEW,IND @ GSV OVER advisory=8.8 label=NEUTRAL flags=NO_LINE
2026-10-06T17:14:27.957000+00:00,,NAN @ NAN,UNDER,,175.0,-1.5,,4.5,NEUTRAL,NO_LINE,5.0,,,,0.0,false,no_trusted_game_date; no_line; non_actionable_label:NEUTRAL,HIDDEN_NO_SCHEDULE,ADVISORY_ONLY_MANUAL_REVIEW,NAN @ NAN UNDER advisory=4.5 label=NEUTRAL flags=NO_LINE
2026-10-06T17:14:27.973819+00:00,2026-05-29,LVA @ DAL,UNDER,,175.0,-1.5,,4.386426092144437,NEUTRAL,NO_LINE,6.0,2026-05-29T00:10:00+00:00,2026-05-29,commence_time,0.0,true,game_started; no_line; non_actionable_label:NEUTRAL,HIDDEN_STALE,ADVISORY_ONLY_MANUAL_REVIEW,LVA @ DAL UNDER advisory=4.4 label=NEUTRAL flags=NO_LINE
2026-10-06T17:14:27.973910+00:00,2026-05-29,MIN @ CHI,UNDER,,169.18,-0.82,,2.468474556555251,NEUTRAL,"NO_LINE, LOW_MODEL_EDGE",7.0,2026-05-29T23:30:00+00:00,2026-05-29,commence_time,0.0,true,schedule_mismatch_upstream_trusted; game_started; no_line; non_actionable_label:NEUTRAL,HIDDEN_STALE,ADVISORY_ONLY_MANUAL_REVIEW,"MIN @ CHI UNDER advisory=2.5 label=NEUTRAL flags=NO_LINE, LOW_MODEL_EDGE"
2026-10-06T17:14:27.973451+00:00,2026-10-07,NYL @ ATL,,170.5,,,,0.19064531816214747,NEUTRAL,"NO_SIDE, LOW_MODEL_EDGE",8.0,2026-10-07T19:30:00.000000-0400,2026-10-07,schedule_date_lookup,0.0,false,non_actionable_label:NEUTRAL,HIDDEN_LABEL,ADVISORY_ONLY_MANUAL_REVIEW,"NYL @ ATL  advisory=0.2 label=NEUTRAL flags=NO_SIDE, LOW_MODEL_EDGE"
2026-10-06T17:14:27.973570+00:00,2026-10-07,LVA @ GSV,,157.16666666666666,,,,0.10891221135232049,NEUTRAL,"NO_SIDE, LOW_MODEL_EDGE",9.0,2026-10-07T21:30:00.000000-0400,2026-10-07,schedule_date_lookup,0.0,false,non_actionable_label:NEUTRAL,HIDDEN_LABEL,ADVISORY_ONLY_MANUAL_REVIEW,"LVA @ GSV  advisory=0.1 label=NEUTRAL flags=NO_SIDE, LOW_MODEL_EDGE"
