created_at_utc,tracker_version,candidate,source_table,status,implementation_stage,feature_sample_size,backtest_score,direction,recommendation,evidence,known_advisory_results,decided_advisory_results,clv_samples,promotion_state,blockers,approved_for_live_formula,approved_for_manual_review,safety_gate
2026-10-06T17:14:28.334925+00:00,v21.9,market_total_range,market_features_v21,CANDIDATE,CONFIDENCE_GATE_CANDIDATE,2,14.142135623730953,higher_range_lowers_confidence,"Use as a confidence/risk gate: wide book disagreement lowers confidence, not projection.","market_total_range found in market_features_v21.market_total_range; n=2, mean=0.5000, min=0.0000, max=1.0000, std=0.7071",1,1,7,WATCH_ONLY,feature_sample<30; decided_results<30; clv_samples<30,False,True,Manual review only. No live formula/staking/threshold changes.
2026-10-06T17:14:28.334971+00:00,v21.9,combined_playerlog_pts_l5,game_model_features_v21,CANDIDATE,BACKTEST_ONLY,8,15.118484428955547,higher_combined_recent_points_supports_over,Combined recent team scoring candidate for totals environment.,"combined_playerlog_pts_l5 found in game_model_features_v21.combined_playerlog_pts_l5; n=8, mean=177.5250, min=168.6000, max=192.8000, std=7.5592",1,1,7,WATCH_ONLY,feature_sample<30; decided_results<30; clv_samples<30,False,True,Manual review only. No live formula/staking/threshold changes.
2026-10-06T17:14:28.335003+00:00,v21.9,playerlog_team_pts_l5,team_features_v21,CANDIDATE,BACKTEST_ONLY,15,14.694605424148978,higher_recent_team_points_supports_over_environment,Use as capped recent form environment candidate. Do not let recent scoring dominate baseline.,"playerlog_team_pts_l5 found in team_features_v21.playerlog_team_pts_l5; n=15, mean=86.0000, min=75.2000, max=98.8000, std=7.3473",1,1,7,WATCH_ONLY,feature_sample<30; decided_results<30; clv_samples<30,False,True,Manual review only. No live formula/staking/threshold changes.
2026-10-06T17:14:28.335034+00:00,v21.9,dash_pts,team_features_v21,CANDIDATE,BACKTEST_ONLY,15,8.887444327064253,higher_dash_pts_supports_over_environment,Use official team dashboard points as baseline scoring environment feature.,"dash_pts found in team_features_v21.dash_pts; n=15, mean=87.0667, min=78.9000, max=96.0000, std=4.4437",1,1,7,WATCH_ONLY,feature_sample<30; decided_results<30; clv_samples<30,False,True,Manual review only. No live formula/staking/threshold changes.
2026-10-06T17:14:28.335064+00:00,v21.9,minutes_l5,player_features_v21,CANDIDATE,PROP_SCREENING_CANDIDATE,384,17.230886001100746,higher_minutes_supports_prop_volume,Use recent minutes as future player-prop readiness feature.,"minutes_l5 found in player_features_v21.minutes_l5; n=384, mean=16.8007, min=0.1000, max=33.9800, std=8.6154",1,1,7,WATCH_ONLY,clv_samples<30,False,True,Manual review only. No live formula/staking/threshold changes.
2026-10-06T17:14:28.335094+00:00,v21.9,dreb_allowed_blend,team_features_v21,CANDIDATE,PROP_SCREENING_CANDIDATE,15,9.80722091391388,higher_allowed_supports_rebound_opportunity,Use first for rebound prop screening and secondarily for totals environment.,"dreb_allowed_blend found in team_features_v21.dreb_allowed_blended_dreb_allowed; n=15, mean=25.2355, min=23.9318, max=27.2727, std=0.9807",1,1,7,WATCH_ONLY,feature_sample<30; clv_samples<30,False,True,Manual review only. No live formula/staking/threshold changes.
2026-10-06T17:14:28.335122+00:00,v21.9,starter_minutes_concentration,team_features_v21,CANDIDATE,ROTATION_CONTEXT,15,3.1880255970130404,higher_concentration_increases_rotation_dependency,Use as rotation pressure flag; high concentration increases dependence on starters and prop relevance.,"starter_minutes_concentration found in team_features_v21.starter_minutes_concentration; n=15, mean=0.7124, min=0.6512, max=0.7742, std=0.0319",1,1,7,WATCH_ONLY,feature_sample<30; clv_samples<30,False,True,Manual review only. No live formula/staking/threshold changes.
2026-10-06T17:14:28.335155+00:00,v21.9,bench_minutes_share,team_features_v21,CANDIDATE,ROTATION_CONTEXT,15,3.18802559701304,lower_bench_share_increases_starter_dependency,Use as depth/variance flag; lower bench share increases starter dependence.,"bench_minutes_share found in team_features_v21.bench_minutes_share; n=15, mean=0.2876, min=0.2258, max=0.3488, std=0.0319",1,1,7,WATCH_ONLY,feature_sample<30; clv_samples<30,False,True,Manual review only. No live formula/staking/threshold changes.
2026-10-06T17:14:28.335186+00:00,v21.9,scoring_dependency,player_features_v21,CANDIDATE,PLAYER_CONTEXT,384,5.857116315653635,higher_dependency_increases_player_news_sensitivity,Use top scoring dependency to identify teams where totals rely heavily on one or two players.,"scoring_dependency found in player_features_v21.scoring_dependency; n=384, mean=0.0785, min=0.0000, max=0.2812, std=0.0586",1,1,7,WATCH_ONLY,clv_samples<30,False,True,Manual review only. No live formula/staking/threshold changes.
2026-10-06T17:14:28.335215+00:00,v21.9,market_total_median,market_features_v21,CANDIDATE,MARKET_CONTEXT,2,9.545941546018392,market_reference_only,Use market median as line-shopping reference and sanity check versus available line.,"market_total_median found in market_features_v21.market_total_median; n=2, mean=163.7500, min=157.0000, max=170.5000, std=9.5459",1,1,7,WATCH_ONLY,feature_sample<30; clv_samples<30,False,True,Manual review only. No live formula/staking/threshold changes.
2026-10-06T17:14:28.335244+00:00,v21.9,projection_minus_line,game_model_features_v21,MISSING_OR_INSUFFICIENT,DIAGNOSTIC,0,0.0,diagnostic,Patch feature_builder_v21 to populate projection_minus_line before formula validation.,projection_minus_line not usable. Matched column=projection_minus_line; numeric rows=0.,1,1,7,WATCH_ONLY,status=MISSING_OR_INSUFFICIENT; feature_sample<30; clv_samples<30; backtest_ready=false,False,True,Manual review only. No live formula/staking/threshold changes.
2026-10-06T17:14:28.335272+00:00,v21.9,execution_pl_tracking,signal_execution_groups_v20,MISSING_OR_INSUFFICIENT,DIAGNOSTIC,0,0.0,diagnostic,Keep using signal bridge summary for execution accounting; patch group-level P/L naming later.,No numeric execution P/L column detected in signal_execution_groups_v20.,1,1,7,WATCH_ONLY,status=MISSING_OR_INSUFFICIENT; feature_sample<30; clv_samples<30; backtest_ready=false,False,True,Manual review only. No live formula/staking/threshold changes.
