created_at_utc,candidate,source_table,status,sample_size,direction,score,evidence,recommendation,implementation_stage,approved_for_live_formula,approved_for_manual_review,safety_gate,backtest_ready,requires_result_dataset
2026-10-06T17:14:27.662955+00:00,market_total_range,market_features_v21,CANDIDATE,2,higher_range_lowers_confidence,14.142135623730951,"market_total_range found in market_features_v21.market_total_range; n=2, mean=0.5000, min=0.0000, max=1.0000, std=0.7071","Use as a confidence/risk gate: wide book disagreement lowers confidence, not projection.",CONFIDENCE_GATE_CANDIDATE,False,True,Manual review only. Do not apply live formula weight until validated against graded results and CLV.,True,True
2026-10-06T17:14:27.665087+00:00,combined_playerlog_pts_l5,game_model_features_v21,CANDIDATE,8,higher_combined_recent_points_supports_over,15.118484428955549,"combined_playerlog_pts_l5 found in game_model_features_v21.combined_playerlog_pts_l5; n=8, mean=177.5250, min=168.6000, max=192.8000, std=7.5592",Combined recent team scoring candidate for totals environment.,BACKTEST_ONLY,False,True,Manual review only. Do not apply live formula weight until validated against graded results and CLV.,True,True
2026-10-06T17:14:27.663508+00:00,playerlog_team_pts_l5,team_features_v21,CANDIDATE,15,higher_recent_team_points_supports_over_environment,14.694605424148978,"playerlog_team_pts_l5 found in team_features_v21.playerlog_team_pts_l5; n=15, mean=86.0000, min=75.2000, max=98.8000, std=7.3473",Use as capped recent form environment candidate. Do not let recent scoring dominate baseline.,BACKTEST_ONLY,False,True,Manual review only. Do not apply live formula weight until validated against graded results and CLV.,True,True
2026-10-06T17:14:27.663739+00:00,dash_pts,team_features_v21,CANDIDATE,15,higher_dash_pts_supports_over_environment,8.887444327064253,"dash_pts found in team_features_v21.dash_pts; n=15, mean=87.0667, min=78.9000, max=96.0000, std=4.4437",Use official team dashboard points as baseline scoring environment feature.,BACKTEST_ONLY,False,True,Manual review only. Do not apply live formula weight until validated against graded results and CLV.,True,True
2026-10-06T17:14:27.664749+00:00,minutes_l5,player_features_v21,CANDIDATE,384,higher_minutes_supports_prop_volume,17.230886001100746,"minutes_l5 found in player_features_v21.minutes_l5; n=384, mean=16.8007, min=0.1000, max=33.9800, std=8.6154",Use recent minutes as future player-prop readiness feature.,PROP_SCREENING_CANDIDATE,False,True,Manual review only. Do not apply live formula weight until validated against graded results and CLV.,True,False
2026-10-06T17:14:27.664318+00:00,dreb_allowed_blend,team_features_v21,CANDIDATE,15,higher_allowed_supports_rebound_opportunity,9.80722091391388,"dreb_allowed_blend found in team_features_v21.dreb_allowed_blended_dreb_allowed; n=15, mean=25.2355, min=23.9318, max=27.2727, std=0.9807",Use first for rebound prop screening and secondarily for totals environment.,PROP_SCREENING_CANDIDATE,False,True,Manual review only. Do not apply live formula weight until validated against graded results and CLV.,True,False
2026-10-06T17:14:27.663941+00:00,starter_minutes_concentration,team_features_v21,CANDIDATE,15,higher_concentration_increases_rotation_dependency,3.1880255970130404,"starter_minutes_concentration found in team_features_v21.starter_minutes_concentration; n=15, mean=0.7124, min=0.6512, max=0.7742, std=0.0319",Use as rotation pressure flag; high concentration increases dependence on starters and prop relevance.,ROTATION_CONTEXT,False,True,Manual review only. Do not apply live formula weight until validated against graded results and CLV.,True,False
2026-10-06T17:14:27.664132+00:00,bench_minutes_share,team_features_v21,CANDIDATE,15,lower_bench_share_increases_starter_dependency,3.1880255970130396,"bench_minutes_share found in team_features_v21.bench_minutes_share; n=15, mean=0.2876, min=0.2258, max=0.3488, std=0.0319",Use as depth/variance flag; lower bench share increases starter dependence.,ROTATION_CONTEXT,False,True,Manual review only. Do not apply live formula weight until validated against graded results and CLV.,True,False
2026-10-06T17:14:27.664577+00:00,scoring_dependency,player_features_v21,CANDIDATE,384,higher_dependency_increases_player_news_sensitivity,5.857116315653635,"scoring_dependency found in player_features_v21.scoring_dependency; n=384, mean=0.0785, min=0.0000, max=0.2812, std=0.0586",Use top scoring dependency to identify teams where totals rely heavily on one or two players.,PLAYER_CONTEXT,False,True,Manual review only. Do not apply live formula weight until validated against graded results and CLV.,True,False
2026-10-06T17:14:27.663194+00:00,market_total_median,market_features_v21,CANDIDATE,2,market_reference_only,9.545941546018392,"market_total_median found in market_features_v21.market_total_median; n=2, mean=163.7500, min=157.0000, max=170.5000, std=9.5459",Use market median as line-shopping reference and sanity check versus available line.,MARKET_CONTEXT,False,True,Manual review only. Do not apply live formula weight until validated against graded results and CLV.,True,False
2026-10-06T17:14:27.664906+00:00,projection_minus_line,game_model_features_v21,MISSING_OR_INSUFFICIENT,0,diagnostic,0.0,projection_minus_line not usable. Matched column=projection_minus_line; numeric rows=0.,Patch feature_builder_v21 to populate projection_minus_line before formula validation.,DIAGNOSTIC,False,True,Manual review only. Do not apply live formula weight until validated against graded results and CLV.,False,False
2026-10-06T17:14:27.665266+00:00,execution_pl_tracking,signal_execution_groups_v20,MISSING_OR_INSUFFICIENT,0,diagnostic,0.0,No numeric execution P/L column detected in signal_execution_groups_v20.,Keep using signal bridge summary for execution accounting; patch group-level P/L naming later.,DIAGNOSTIC,False,True,Manual review only. Do not apply live formula weight until validated against graded results and CLV.,False,False
