created_at_utc,source,game,away_team,home_team,side,line,projection,edge,units,game_start_utc,game_date,timing_source,model_edge_score,recent_scoring_score,dashboard_scoring_score,rotation_concentration_score,rotation_risk_penalty,bench_depth_score,dreb_environment_score,market_range_penalty,market_range,advisory_score,advisory_label,risk_flags,manual_review_priority
2026-10-06T17:14:27.973617+00:00,hermes_approval_queue_v20,LAS @ WAS,LAS,WAS,OVER,,175.52,6.52,0.75,,,,65.19999999999999,0.0,0.0,2.5753981694561445,0.0,-0.5753981694561539,2.106818181818184,0.0,,19.816848872480026,NEUTRAL,NO_LINE,1.0
2026-10-06T17:14:27.973697+00:00,recommended_bets,LAS @ WAS,LAS,WAS,OVER,,175.52,6.52,,2026-05-29T23:30:00+00:00,2026-05-29,commence_time,65.19999999999999,0.0,0.0,2.5753981694561445,0.0,-0.5753981694561539,2.106818181818184,0.0,,19.816848872480026,NEUTRAL,NO_LINE,1.0
2026-10-06T17:14:27.974006+00:00,projections_with_stakes,ATL @ PDX,ATL,PDX,OVER,,169.84,5.34,,2026-05-30T02:00:00+00:00,2026-05-30,commence_time,53.4,0.0,0.0,1.266871910159706,0.0,0.7331280898402959,1.4181818181818073,0.0,,16.216246529112283,NEUTRAL,NO_LINE,2.0
2026-10-06T17:14:27.973654+00:00,hermes_approval_queue_v20,PHX @ NYL,PHX,NYL,OVER,,173.39,3.89,0.35,,,,38.9,0.0,0.0,0.7717244331646,0.0,1.2282755668353962,5.025000000000002,0.0,,12.036684488663292,NEUTRAL,NO_LINE,3.0
2026-10-06T17:14:27.973770+00:00,recommended_bets,PHX @ NYL,PHX,NYL,OVER,,173.39,3.89,,2026-05-29T23:30:00+00:00,2026-05-29,commence_time,38.9,0.0,0.0,0.7717244331646,0.0,1.2282755668353962,5.025000000000002,0.0,,12.036684488663292,NEUTRAL,NO_LINE,3.0
2026-10-06T17:14:27.973865+00:00,projections_with_stakes,IND @ GSV,IND,GSV,OVER,,169.89,2.89,,2026-05-29T02:10:00+00:00,2026-05-29,commence_time,28.900000000000002,0.0,0.0,-0.4089840358505459,0.0,2.4089840358505588,1.663636363636364,0.0,,8.845002137464808,NEUTRAL,NO_LINE,4.0
2026-10-06T17:14:27.957000+00:00,game_model_features_v21,NAN @ NAN,NAN,NAN,UNDER,,175.0,-1.5,,,,,15.0,0.0,0.0,0.0,0.0,0.0,0.0,0.0,,4.5,NEUTRAL,NO_LINE,5.0
2026-10-06T17:14:27.973819+00:00,projections_with_stakes,LVA @ DAL,LVA,DAL,UNDER,,175.0,-1.5,,2026-05-29T00:10:00+00:00,2026-05-29,commence_time,15.0,0.0,0.0,3.025850061767321,0.0,-1.0258500617673194,-5.481818181818184,0.0,,4.386426092144437,NEUTRAL,NO_LINE,6.0
2026-10-06T17:14:27.973910+00:00,projections_with_stakes,MIN @ CHI,MIN,CHI,UNDER,,169.18,-0.82,,2026-05-29T23:30:00+00:00,2026-05-29,commence_time,8.2,0.0,0.0,1.5089551004898394,0.0,0.4910448995101624,-2.434090909090912,0.0,,2.468474556555251,NEUTRAL,"NO_LINE, LOW_MODEL_EDGE",7.0
2026-10-06T17:14:27.973451+00:00,game_model_features_v21,NYL @ ATL,NYL,ATL,,170.5,,,,,2026-10-07,schedule_date_lookup,0.0,0.0,0.0,4.53226590810738,0.0,-2.5322659081073837,0.0,-0.0,0.0,0.19064531816214747,NEUTRAL,"NO_SIDE, LOW_MODEL_EDGE",8.0
2026-10-06T17:14:27.973570+00:00,game_model_features_v21,LVA @ GSV,LVA,GSV,,157.16666666666666,,,,,2026-10-07,schedule_date_lookup,0.0,0.0,0.0,0.44561056761600604,0.0,1.5543894323840013,0.0,-0.0,1.0,0.10891221135232049,NEUTRAL,"NO_SIDE, LOW_MODEL_EDGE",9.0
