created_at_utc,tracker_version,advisory_row_id,game,away_team,home_team,side,line,projection,edge,units,advisory_score,advisory_score_band,advisory_label,risk_flags,manual_review_priority,manual_review_band,model_edge_score,recent_scoring_score,dashboard_scoring_score,rotation_concentration_score,rotation_risk_penalty,bench_depth_score,dreb_environment_score,market_range_penalty,market_range,matched_source,matched_signal_id,matched_market,matched_line,closing_line,actual_total,result_status_raw,would_have_won_raw,clv_points_raw,beat_close_raw,graded_confidence,graded_confidence_grade,graded_final_signal,clv_points,clv_state,result,result_known,formula_change_allowed,staking_change_allowed,threshold_change_allowed,auto_betting_allowed,safety_note,execution_tickets,total_stake,net_profit,roi_percent
2026-10-06T17:14:28.304623+00:00,v21.9,1,LAS @ WAS,LAS,WAS,OVER,,175.52,6.52,0.75,19.816848872480023,10-19,NEUTRAL,NO_LINE,1.0,P1,65.19999999999999,0.0,0.0,2.5753981694561445,0.0,-0.5753981694561539,2.106818181818184,0.0,,signal_tracker_graded,2026-05-28|WNBA|LAS @ WAS|Game Total|OVER|170.5|v2.4,Game Total,170.5,169.0,,OPEN,,-1.5,NO,62.0,B,LEAN OVER,-1.5,NEGATIVE,UNKNOWN,False,False,False,False,False,Evidence only. Manual review required. No formula/staking/threshold/execution change applied.,,,,
2026-10-06T17:14:28.307798+00:00,v21.9,2,LAS @ WAS,LAS,WAS,OVER,,175.52,6.52,,19.816848872480023,10-19,NEUTRAL,NO_LINE,1.0,P1,65.19999999999999,0.0,0.0,2.5753981694561445,0.0,-0.5753981694561539,2.106818181818184,0.0,,signal_tracker_graded,2026-05-28|WNBA|LAS @ WAS|Game Total|OVER|170.5|v2.4,Game Total,170.5,169.0,,OPEN,,-1.5,NO,62.0,B,LEAN OVER,-1.5,NEGATIVE,UNKNOWN,False,False,False,False,False,Evidence only. Manual review required. No formula/staking/threshold/execution change applied.,,,,
2026-10-06T17:14:28.310655+00:00,v21.9,3,ATL @ PDX,ATL,PDX,OVER,,169.84,5.34,,16.216246529112283,10-19,NEUTRAL,NO_LINE,2.0,P2,53.4,0.0,0.0,1.266871910159706,0.0,0.7331280898402959,1.418181818181807,0.0,,signal_tracker_graded,2026-05-28|WNBA|ATL @ PDX|Game Total|OVER|165.5|v2.4,Game Total,165.5,164.5,,OPEN,,-1.0,NO,42.0,D,PASS,-1.0,NEGATIVE,UNKNOWN,False,False,False,False,False,Evidence only. Manual review required. No formula/staking/threshold/execution change applied.,,,,
2026-10-06T17:14:28.313606+00:00,v21.9,4,PHX @ NYL,PHX,NYL,OVER,,173.39,3.89,0.35,12.036684488663292,10-19,NEUTRAL,NO_LINE,3.0,P3_OR_UNKNOWN,38.9,0.0,0.0,0.7717244331646,0.0,1.2282755668353962,5.025000000000002,0.0,,signal_tracker_graded,2026-05-27|WNBA|PHX @ NYL|Game Total|OVER|169.5|v2.4,Game Total,169.5,169.5,,OPEN,,0.0,PUSH,56.0,C,LEAN OVER,0.0,FLAT,UNKNOWN,False,False,False,False,False,Evidence only. Manual review required. No formula/staking/threshold/execution change applied.,,,,
2026-10-06T17:14:28.316525+00:00,v21.9,5,PHX @ NYL,PHX,NYL,OVER,,173.39,3.89,,12.036684488663292,10-19,NEUTRAL,NO_LINE,3.0,P3_OR_UNKNOWN,38.9,0.0,0.0,0.7717244331646,0.0,1.2282755668353962,5.025000000000002,0.0,,signal_tracker_graded,2026-05-27|WNBA|PHX @ NYL|Game Total|OVER|169.5|v2.4,Game Total,169.5,169.5,,OPEN,,0.0,PUSH,56.0,C,LEAN OVER,0.0,FLAT,UNKNOWN,False,False,False,False,False,Evidence only. Manual review required. No formula/staking/threshold/execution change applied.,,,,
2026-10-06T17:14:28.319370+00:00,v21.9,6,IND @ GSV,IND,GSV,OVER,,169.89,2.89,,8.845002137464808,0-9,NEUTRAL,NO_LINE,4.0,P3_OR_UNKNOWN,28.9,0.0,0.0,-0.4089840358505459,0.0,2.4089840358505588,1.663636363636364,0.0,,signal_tracker_graded,2026-05-27|WNBA|IND @ GSV|Game Total|OVER|169.5|v2.4,Game Total,169.5,167.0,,OPEN,,-2.5,NO,31.0,D,PASS,-2.5,NEGATIVE,UNKNOWN,False,False,False,False,False,Evidence only. Manual review required. No formula/staking/threshold/execution change applied.,,,,
2026-10-06T17:14:28.321952+00:00,v21.9,7,NAN @ NAN,NAN,NAN,UNDER,,175.0,-1.5,,4.5,0-9,NEUTRAL,NO_LINE,5.0,P3_OR_UNKNOWN,15.0,0.0,0.0,0.0,0.0,0.0,0.0,0.0,,NO_MATCH,,,,,,,,,,,,,,UNKNOWN,UNKNOWN,False,False,False,False,False,Evidence only. Manual review required. No formula/staking/threshold/execution change applied.,,,,
2026-10-06T17:14:28.324812+00:00,v21.9,8,LVA @ DAL,LVA,DAL,UNDER,,175.0,-1.5,,4.386426092144437,0-9,NEUTRAL,NO_LINE,6.0,P3_OR_UNKNOWN,15.0,0.0,0.0,3.025850061767321,0.0,-1.0258500617673194,-5.481818181818184,0.0,,signal_tracker_graded,2026-05-27|WNBA|LVA @ DAL|Game Total|UNDER|177.0|v2.4,Game Total,177.0,,,OPEN,,,,36.0,D,PASS,,UNKNOWN,UNKNOWN,False,False,False,False,False,Evidence only. Manual review required. No formula/staking/threshold/execution change applied.,,,,
2026-10-06T17:14:28.327643+00:00,v21.9,9,MIN @ CHI,MIN,CHI,UNDER,,169.18,-0.82,,2.468474556555251,0-9,NEUTRAL,"NO_LINE, LOW_MODEL_EDGE",7.0,P3_OR_UNKNOWN,8.2,0.0,0.0,1.5089551004898394,0.0,0.4910448995101624,-2.434090909090912,0.0,,signal_execution_groups,2026-05-23|MIN @ CHI|pra|UNDER,pra,26.5,26.5,24.0,WON,,,,0.0,,High Usage Big vs Stingy,0.0,FLAT,WON,True,False,False,False,False,Evidence only. Manual review required. No formula/staking/threshold/execution change applied.,1.0,0.1,0.08,80.0
2026-10-06T17:14:28.330190+00:00,v21.9,10,NYL @ ATL,NYL,ATL,,170.5,,,,0.1906453181621474,0-9,NEUTRAL,"NO_SIDE, LOW_MODEL_EDGE",8.0,P3_OR_UNKNOWN,0.0,0.0,0.0,4.53226590810738,0.0,-2.532265908107384,0.0,-0.0,0.0,NO_MATCH,,,,,,,,,,,,,,UNKNOWN,UNKNOWN,False,False,False,False,False,Evidence only. Manual review required. No formula/staking/threshold/execution change applied.,,,,
2026-10-06T17:14:28.332778+00:00,v21.9,11,LVA @ GSV,LVA,GSV,,157.16666666666666,,,,0.1089122113523204,0-9,NEUTRAL,"NO_SIDE, LOW_MODEL_EDGE",9.0,P3_OR_UNKNOWN,0.0,0.0,0.0,0.445610567616006,0.0,1.5543894323840013,0.0,-0.0,1.0,NO_MATCH,,,,,,,,,,,,,,UNKNOWN,UNKNOWN,False,False,False,False,False,Evidence only. Manual review required. No formula/staking/threshold/execution change applied.,,,,
