event_id,sport_key,commence_time,home_team,away_team,bookmaker_key,bookmaker,last_update,market,name,price,point
fd0477adb898dbbdf52c129d0ea6c15e,basketball_wnba,2026-10-17T19:30:00Z,Golden State Valkyries,Atlanta Dream,draftkings,DraftKings,2026-10-10T16:20:04Z,totals,Over,1.91,153.5
fd0477adb898dbbdf52c129d0ea6c15e,basketball_wnba,2026-10-17T19:30:00Z,Golden State Valkyries,Atlanta Dream,draftkings,DraftKings,2026-10-10T16:20:04Z,totals,Under,1.91,153.5
fd0477adb898dbbdf52c129d0ea6c15e,basketball_wnba,2026-10-17T19:30:00Z,Golden State Valkyries,Atlanta Dream,fanduel,FanDuel,2026-10-10T16:20:04Z,totals,Over,1.91,153.5
fd0477adb898dbbdf52c129d0ea6c15e,basketball_wnba,2026-10-17T19:30:00Z,Golden State Valkyries,Atlanta Dream,fanduel,FanDuel,2026-10-10T16:20:04Z,totals,Under,1.91,153.5
fd0477adb898dbbdf52c129d0ea6c15e,basketball_wnba,2026-10-17T19:30:00Z,Golden State Valkyries,Atlanta Dream,betmgm,BetMGM,2026-10-10T16:19:30Z,totals,Over,1.91,153.5
fd0477adb898dbbdf52c129d0ea6c15e,basketball_wnba,2026-10-17T19:30:00Z,Golden State Valkyries,Atlanta Dream,betmgm,BetMGM,2026-10-10T16:19:30Z,totals,Under,1.91,153.5
fd0477adb898dbbdf52c129d0ea6c15e,basketball_wnba,2026-10-17T19:30:00Z,Golden State Valkyries,Atlanta Dream,betrivers,BetRivers,2026-10-10T16:19:13Z,totals,Over,1.93,153.5
fd0477adb898dbbdf52c129d0ea6c15e,basketball_wnba,2026-10-17T19:30:00Z,Golden State Valkyries,Atlanta Dream,betrivers,BetRivers,2026-10-10T16:19:13Z,totals,Under,1.87,153.5
fd0477adb898dbbdf52c129d0ea6c15e,basketball_wnba,2026-10-17T19:30:00Z,Golden State Valkyries,Atlanta Dream,betonlineag,BetOnline.ag,2026-10-10T16:20:20Z,totals,Over,1.91,153.5
fd0477adb898dbbdf52c129d0ea6c15e,basketball_wnba,2026-10-17T19:30:00Z,Golden State Valkyries,Atlanta Dream,betonlineag,BetOnline.ag,2026-10-10T16:20:20Z,totals,Under,1.91,153.5
fd0477adb898dbbdf52c129d0ea6c15e,basketball_wnba,2026-10-17T19:30:00Z,Golden State Valkyries,Atlanta Dream,lowvig,LowVig.ag,2026-10-10T16:20:22Z,totals,Over,1.93,153.5
fd0477adb898dbbdf52c129d0ea6c15e,basketball_wnba,2026-10-17T19:30:00Z,Golden State Valkyries,Atlanta Dream,lowvig,LowVig.ag,2026-10-10T16:20:22Z,totals,Under,1.93,153.5
fd0477adb898dbbdf52c129d0ea6c15e,basketball_wnba,2026-10-17T19:30:00Z,Golden State Valkyries,Atlanta Dream,betus,BetUS,2026-10-10T16:20:20Z,totals,Over,1.91,153.5
fd0477adb898dbbdf52c129d0ea6c15e,basketball_wnba,2026-10-17T19:30:00Z,Golden State Valkyries,Atlanta Dream,betus,BetUS,2026-10-10T16:20:20Z,totals,Under,1.91,153.5
fd0477adb898dbbdf52c129d0ea6c15e,basketball_wnba,2026-10-17T19:30:00Z,Golden State Valkyries,Atlanta Dream,bovada,Bovada,2026-10-10T16:17:18Z,totals,Over,1.91,153.5
fd0477adb898dbbdf52c129d0ea6c15e,basketball_wnba,2026-10-17T19:30:00Z,Golden State Valkyries,Atlanta Dream,bovada,Bovada,2026-10-10T16:17:18Z,totals,Under,1.91,153.5
