Team,Blended_DREB_Allowed,DREB_Allowed_2025,DREB_Allowed_2026,Rank,Signal
SEA,27.272727272727273,27.636363636363637,26.727272727272727,1,OVER
PHX,26.581818181818182,26.90909090909091,26.09090909090909,2,OVER
CON,26.309090909090912,26.545454545454547,25.954545454545453,3,OVER
DAL,25.85,26.386363636363637,25.045454545454547,4,OVER
LVA,25.804545454545455,26.34090909090909,25.0,5,OVER
CHI,25.481818181818184,23.863636363636363,27.90909090909091,6,
LAS,25.472727272727273,25.09090909090909,26.045454545454547,7,
TOR,24.863636363636363,,24.863636363636363,8,
GSV,24.85909090909091,24.886363636363637,24.818181818181817,9,
NYL,24.768181818181816,25.65909090909091,23.431818181818183,10,
ATL,24.490909090909092,24.363636363636363,24.681818181818183,11,
PDX,24.454545454545453,,24.454545454545453,12,UNDER
IND,24.25,24.84090909090909,23.363636363636363,13,UNDER
MIN,24.14090909090909,24.34090909090909,23.84090909090909,14,UNDER
WAS,23.93181818181818,24.977272727272727,22.363636363636363,15,UNDER
