GAME_ID,GAME_DATE,TEAM_1,TEAM_2,PTS_1,PTS_2,TOTAL_POINTS,MATCHUP_1,MATCHUP_2,TEAM_ROWS
1022500001,2025-05-16,ATL,WAS,90,94,184,ATL @ WAS,WAS vs. ATL,2
1022500002,2025-05-16,DAL,MIN,84,99,183,DAL vs. MIN,MIN @ DAL,2
1022500003,2025-05-16,LAS,GSV,84,67,151,LAS @ GSV,GSV vs. LAS,2
1022500004,2025-05-17,IND,CHI,93,58,151,IND vs. CHI,CHI @ IND,2
1022500005,2025-05-17,NYL,LVA,92,78,170,NYL vs. LVA,LVA @ NYL,2
1022500006,2025-05-17,PHX,SEA,81,59,140,PHX vs. SEA,SEA @ PHX,2
1022500007,2025-05-18,CON,WAS,85,90,175,CON vs. WAS,WAS @ CON,2
1022500008,2025-05-18,MIN,LAS,89,75,164,MIN @ LAS,LAS vs. MIN,2
1022500009,2025-05-19,SEA,DAL,79,71,150,SEA @ DAL,DAL vs. SEA,2
1022500010,2025-05-20,CON,LVA,62,87,149,CON vs. LVA,LVA @ CON,2
1022500011,2025-05-20,IND,ATL,90,91,181,IND vs. ATL,ATL @ IND,2
1022500012,2025-05-21,DAL,MIN,81,85,166,DAL @ MIN,MIN vs. DAL,2
1022500013,2025-05-21,GSV,WAS,76,74,150,GSV vs. WAS,WAS @ GSV,2
1022500014,2025-05-21,PHX,LAS,89,86,175,PHX vs. LAS,LAS @ PHX,2
1022500015,2025-05-22,ATL,IND,76,81,157,ATL vs. IND,IND @ ATL,2
1022500016,2025-05-22,CHI,NYL,74,99,173,CHI vs. NYL,NYL @ CHI,2
1022500017,2025-05-23,MIN,CON,76,70,146,MIN vs. CON,CON @ MIN,2
1022500018,2025-05-23,WAS,LVA,72,75,147,WAS @ LVA,LVA vs. WAS,2
1022500019,2025-05-23,LAS,GSV,73,82,155,LAS vs. GSV,GSV @ LAS,2
1022500020,2025-05-23,PHX,SEA,70,77,147,PHX @ SEA,SEA vs. PHX,2
1022500021,2025-05-24,NYL,IND,90,88,178,NYL @ IND,IND vs. NYL,2
1022500022,2025-05-24,ATL,DAL,83,75,158,ATL vs. DAL,DAL @ ATL,2
1022500023,2025-05-25,ATL,CON,79,55,134,ATL vs. CON,CON @ ATL,2
1022500024,2025-05-25,CHI,LAS,78,91,169,CHI @ LAS,LAS vs. CHI,2
1022500025,2025-05-25,WAS,PHX,62,68,130,WAS @ PHX,PHX vs. WAS,2
1022500026,2025-05-25,LVA,SEA,82,102,184,LVA @ SEA,SEA vs. LVA,2
1022500027,2025-05-27,CON,DAL,87,109,196,CON vs. DAL,DAL @ CON,2
1022500028,2025-05-27,GSV,NYL,67,95,162,GSV @ NYL,NYL vs. GSV,2
1022500029,2025-05-27,SEA,MIN,77,82,159,SEA @ MIN,MIN vs. SEA,2
1022500030,2025-05-27,ATL,LAS,88,82,170,ATL @ LAS,LAS vs. ATL,2
1022500031,2025-05-27,PHX,CHI,94,89,183,PHX vs. CHI,CHI @ PHX,2
1022500032,2025-05-28,IND,WAS,77,83,160,IND @ WAS,WAS vs. IND,2
1022500033,2025-05-29,GSV,NYL,77,82,159,GSV @ NYL,NYL vs. GSV,2
1022500034,2025-05-29,DAL,CHI,92,97,189,DAL @ CHI,CHI vs. DAL,2
1022500035,2025-05-30,CON,IND,85,83,168,CON @ IND,IND vs. CON,2
1022500036,2025-05-30,WAS,NYL,63,85,148,WAS vs. NYL,NYL @ WAS,2
1022500037,2025-05-30,LAS,LVA,81,96,177,LAS @ LVA,LVA vs. LAS,2
1022500038,2025-05-30,MIN,PHX,74,71,145,MIN @ PHX,PHX vs. MIN,2
1022500039,2025-05-30,ATL,SEA,94,87,181,ATL @ SEA,SEA vs. ATL,2
1022500040,2025-05-31,CHI,DAL,94,83,177,CHI @ DAL,DAL vs. CHI,2
1022500041,2025-06-01,NYL,CON,100,52,152,NYL vs. CON,CON @ NYL,2
1022500042,2025-06-01,LAS,PHX,80,85,165,LAS vs. PHX,PHX @ LAS,2
1022500043,2025-06-01,LVA,SEA,75,70,145,LVA @ SEA,SEA vs. LVA,2
1022500044,2025-06-01,MIN,GSV,86,75,161,MIN @ GSV,GSV vs. MIN,2
1022500045,2025-06-03,IND,WAS,85,76,161,IND vs. WAS,WAS @ IND,2
1022500046,2025-06-03,MIN,PHX,88,65,153,MIN vs. PHX,PHX @ MIN,2
1022500047,2025-06-03,SEA,DAL,83,77,160,SEA vs. DAL,DAL @ SEA,2
1022500048,2025-06-05,WAS,NYL,78,86,164,WAS vs. NYL,NYL @ WAS,2
1022500049,2025-06-05,GSV,PHX,77,86,163,GSV @ PHX,PHX vs. GSV,2
1022500050,2025-06-06,CON,ATL,84,76,160,CON vs. ATL,ATL @ CON,2
1022500051,2025-06-06,DAL,LAS,79,93,172,DAL vs. LAS,LAS @ DAL,2
1022500052,2025-06-07,LVA,GSV,68,95,163,LVA @ GSV,GSV vs. LVA,2
1022500053,2025-06-07,CHI,IND,52,79,131,CHI vs. IND,IND @ CHI,2
1022500054,2025-06-07,SEA,PHX,89,77,166,SEA @ PHX,PHX vs. SEA,2
1022500055,2025-06-08,WAS,CON,104,67,171,WAS vs. CON,CON @ WAS,2
1022500056,2025-06-08,DAL,MIN,65,81,146,DAL vs. MIN,MIN @ DAL,2
1022500057,2025-06-09,GSV,LAS,89,81,170,GSV @ LAS,LAS vs. GSV,2
1022500058,2025-06-10,ATL,IND,77,58,135,ATL vs. IND,IND @ ATL,2
1022500059,2025-06-10,CHI,NYL,66,85,151,CHI @ NYL,NYL vs. CHI,2
1022500060,2025-06-11,LAS,LVA,97,89,186,LAS @ LVA,LVA vs. LAS,2
1022500061,2025-06-11,DAL,PHX,80,93,173,DAL @ PHX,PHX vs. DAL,2
1022500062,2025-06-11,SEA,MIN,94,84,178,SEA vs. MIN,MIN @ SEA,2
1022500063,2025-06-13,CHI,ATL,70,88,158,CHI @ ATL,ATL vs. CHI,2
1022500064,2025-06-13,LVA,DAL,88,84,172,LVA vs. DAL,DAL @ LVA,2
1022500065,2025-06-14,MIN,LAS,101,78,179,MIN vs. LAS,LAS @ MIN,2
1022500066,2025-06-14,NYL,IND,88,102,190,NYL @ IND,IND vs. NYL,2
1022500067,2025-06-14,SEA,GSV,70,76,146,SEA @ GSV,GSV vs. SEA,2
1022500068,2025-06-15,CON,CHI,66,78,144,CON vs. CHI,CHI @ CON,2
1022500069,2025-06-15,ATL,WAS,89,56,145,ATL @ WAS,WAS vs. ATL,2
1022500070,2025-06-15,LVA,PHX,70,76,146,LVA vs. PHX,PHX @ LVA,2
1022500071,2025-06-17,IND,CON,88,71,159,IND vs. CON,CON @ IND,2
1022500072,2025-06-17,ATL,NYL,81,86,167,ATL @ NYL,NYL vs. ATL,2
1022500073,2025-06-17,WAS,CHI,79,72,151,WAS @ CHI,CHI vs. WAS,2
1022500074,2025-06-17,DAL,GSV,80,71,151,DAL vs. GSV,GSV @ DAL,2
1022500075,2025-06-17,MIN,LVA,76,62,138,MIN vs. LVA,LVA @ MIN,2
1022500076,2025-06-17,LAS,SEA,67,98,165,LAS vs. SEA,SEA @ LAS,2
1022500077,2025-06-18,PHX,CON,83,75,158,PHX @ CON,CON vs. PHX,2
1022500078,2025-06-19,PHX,NYL,89,81,170,PHX @ NYL,NYL vs. PHX,2
1022500079,2025-06-19,GSV,IND,88,77,165,GSV vs. IND,IND @ GSV,2
1022500080,2025-06-20,WAS,ATL,91,92,183,WAS @ ATL,ATL vs. WAS,2
1022500081,2025-06-20,CON,DAL,83,86,169,CON vs. DAL,DAL @ CON,2
1022500082,2025-06-20,SEA,LVA,90,83,173,SEA @ LVA,LVA vs. SEA,2
1022500083,2025-06-21,PHX,CHI,107,86,193,PHX @ CHI,CHI vs. PHX,2
1022500084,2025-06-21,MIN,LAS,82,66,148,MIN vs. LAS,LAS @ MIN,2
1022500085,2025-06-22,CHI,ATL,80,93,173,CHI @ ATL,ATL vs. CHI,2
1022500086,2025-06-22,WAS,DAL,91,88,179,WAS vs. DAL,DAL @ WAS,2
1022500087,2025-06-22,LVA,IND,89,81,170,LVA vs. IND,IND @ LVA,2
1022500088,2025-06-22,SEA,NYL,89,79,168,SEA vs. NYL,NYL @ SEA,2
1022500089,2025-06-22,GSV,CON,87,63,150,GSV vs. CON,CON @ GSV,2
1022500090,2025-06-24,MIN,WAS,64,68,132,MIN @ WAS,WAS vs. MIN,2
1022500091,2025-06-24,CHI,LAS,97,86,183,CHI vs. LAS,LAS @ CHI,2
1022500092,2025-06-24,ATL,DAL,55,68,123,ATL @ DAL,DAL vs. ATL,2
1022500093,2025-06-24,IND,SEA,94,86,180,IND @ SEA,SEA vs. IND,2
1022500094,2025-06-25,GSV,NYL,78,81,159,GSV vs. NYL,NYL @ GSV,2
1022500095,2025-06-25,LVA,CON,85,59,144,LVA vs. CON,CON @ LVA,2
1022500096,2025-06-26,LAS,IND,85,75,160,LAS @ IND,IND vs. LAS,2
1022500097,2025-06-26,LVA,WAS,83,94,177,LVA vs. WAS,WAS @ LVA,2
1022500098,2025-06-27,MIN,ATL,96,92,188,MIN @ ATL,ATL vs. MIN,2
1022500099,2025-06-27,DAL,IND,86,94,180,DAL vs. IND,IND @ DAL,2
1022500100,2025-06-27,CHI,GSV,78,83,161,CHI @ GSV,GSV vs. CHI,2
1022500101,2025-06-27,NYL,PHX,91,106,197,NYL @ PHX,PHX vs. NYL,2
1022500102,2025-06-27,CON,SEA,81,97,178,CON @ SEA,SEA vs. CON,2
1022500103,2025-06-28,WAS,DAL,71,79,150,WAS @ DAL,DAL vs. WAS,2
1022500104,2025-06-29,NYL,ATL,81,90,171,NYL @ ATL,ATL vs. NYL,2
1022500105,2025-06-29,LAS,CHI,85,92,177,LAS vs. CHI,CHI @ LAS,2
1022500106,2025-06-29,LVA,PHX,84,81,165,LVA @ PHX,PHX vs. LVA,2
1022500107,2025-06-29,MIN,CON,102,63,165,MIN vs. CON,CON @ MIN,2
1022500108,2025-06-29,SEA,GSV,57,84,141,SEA @ GSV,GSV vs. SEA,2
1022500109,2025-07-03,LVA,IND,54,81,135,LVA @ IND,IND vs. LVA,2
1022500110,2025-07-03,NYL,LAS,89,79,168,NYL vs. LAS,LAS @ NYL,2
1022500111,2025-07-03,SEA,ATL,80,79,159,SEA @ ATL,ATL vs. SEA,2
1022500112,2025-07-03,DAL,PHX,98,89,187,DAL vs. PHX,PHX @ DAL,2
1022500113,2025-07-03,MIN,WAS,92,75,167,MIN vs. WAS,WAS @ MIN,2
1022500114,2025-07-05,IND,LAS,87,89,176,IND vs. LAS,LAS @ IND,2
1022500115,2025-07-05,MIN,GSV,82,71,153,MIN vs. GSV,GSV @ MIN,2
1022500116,2025-07-06,CON,LVA,68,86,154,CON vs. LVA,LVA @ CON,2
1022500117,2025-07-06,SEA,NYL,79,70,149,SEA @ NYL,NYL vs. SEA,2
1022500118,2025-07-06,MIN,CHI,80,75,155,MIN vs. CHI,CHI @ MIN,2
1022500119,2025-07-07,ATL,GSV,90,81,171,ATL vs. GSV,GSV @ ATL,2
1022500120,2025-07-07,PHX,DAL,102,72,174,PHX vs. DAL,DAL @ PHX,2
1022500121,2025-07-08,WAS,CHI,81,79,160,WAS vs. CHI,CHI @ WAS,2
1022500122,2025-07-08,LVA,NYL,78,87,165,LVA @ NYL,NYL vs. LVA,2
1022500123,2025-07-09,SEA,CON,83,93,176,SEA @ CON,CON vs. SEA,2
1022500124,2025-07-09,GSV,IND,80,61,141,GSV @ IND,IND vs. GSV,2
1022500125,2025-07-09,MIN,PHX,71,79,150,MIN @ PHX,PHX vs. MIN,2
1022500126,2025-07-09,DAL,CHI,76,87,163,DAL @ CHI,CHI vs. DAL,2
1022500127,2025-07-10,LAS,MIN,82,91,173,LAS vs. MIN,MIN @ LAS,2
1022500128,2025-07-10,LVA,WAS,68,70,138,LVA @ WAS,WAS vs. LVA,2
1022500129,2025-07-11,ATL,IND,82,99,181,ATL @ IND,IND vs. ATL,2
1022500130,2025-07-11,SEA,CON,79,65,144,SEA vs. CON,CON @ SEA,2
1022500131,2025-07-12,MIN,CHI,81,87,168,MIN @ CHI,CHI vs. MIN,2
1022500132,2025-07-12,GSV,LVA,102,104,206,GSV @ LVA,LVA vs. GSV,2
1022500133,2025-07-13,DAL,IND,83,102,185,DAL @ IND,IND vs. DAL,2
1022500134,2025-07-13,ATL,NYL,72,79,151,ATL @ NYL,NYL vs. ATL,2
1022500135,2025-07-13,CON,LAS,88,92,180,CON @ LAS,LAS vs. CON,2
1022500136,2025-07-13,WAS,SEA,74,69,143,WAS @ SEA,SEA vs. WAS,2
1022500137,2025-07-14,CHI,MIN,78,91,169,CHI vs. MIN,MIN @ CHI,2
1022500138,2025-07-14,GSV,PHX,77,78,155,GSV vs. PHX,PHX @ GSV,2
1022500139,2025-07-15,CON,IND,77,85,162,CON vs. IND,IND @ CON,2
1022500140,2025-07-15,WAS,LAS,80,99,179,WAS @ LAS,LAS vs. WAS,2
1022500141,2025-07-16,ATL,CHI,86,49,135,ATL @ CHI,CHI vs. ATL,2
1022500142,2025-07-16,PHX,MIN,66,79,145,PHX @ MIN,MIN vs. PHX,2
1022500143,2025-07-16,GSV,SEA,58,67,125,GSV @ SEA,SEA vs. GSV,2
1022500144,2025-07-16,IND,NYL,77,98,175,IND @ NYL,NYL vs. IND,2
1022500145,2025-07-16,LVA,DAL,90,86,176,LVA @ DAL,DAL vs. LVA,2
1022500146,2025-07-22,WAS,LAS,86,93,179,WAS vs. LAS,LAS @ WAS,2
1022500147,2025-07-22,IND,NYL,84,98,182,IND @ NYL,NYL vs. IND,2
1022500148,2025-07-22,CHI,MIN,68,91,159,CHI @ MIN,MIN vs. CHI,2
1022500149,2025-07-22,ATL,LVA,72,87,159,ATL @ LVA,LVA vs. ATL,2
1022500150,2025-07-22,SEA,DAL,63,87,150,SEA vs. DAL,DAL @ SEA,2
1022500151,2025-07-23,PHX,ATL,79,90,169,PHX vs. ATL,ATL @ PHX,2
1022500152,2025-07-24,LAS,CON,101,86,187,LAS @ CON,CON vs. LAS,2
1022500153,2025-07-24,LVA,IND,70,80,150,LVA @ IND,IND vs. LVA,2
1022500154,2025-07-24,SEA,CHI,95,57,152,SEA @ CHI,CHI vs. SEA,2
1022500155,2025-07-25,PHX,NYL,76,89,165,PHX @ NYL,NYL vs. PHX,2
1022500156,2025-07-25,LVA,MIN,78,109,187,LVA @ MIN,MIN vs. LVA,2
1022500157,2025-07-25,GSV,DAL,86,76,162,GSV vs. DAL,DAL @ GSV,2
1022500158,2025-07-27,IND,CHI,93,78,171,IND @ CHI,CHI vs. IND,2
1022500159,2025-07-26,NYL,LAS,99,101,200,NYL vs. LAS,LAS @ NYL,2
1022500160,2025-07-26,WAS,SEA,69,58,127,WAS vs. SEA,SEA @ WAS,2
1022500161,2025-07-27,CON,GSV,95,64,159,CON vs. GSV,GSV @ CON,2
1022500162,2025-07-27,DAL,LVA,80,106,186,DAL vs. LVA,LVA @ DAL,2
1022500163,2025-07-27,WAS,PHX,72,88,160,WAS vs. PHX,PHX @ WAS,2
1022500164,2025-07-27,MIN,ATL,86,90,176,MIN vs. ATL,ATL @ MIN,2
1022500165,2025-07-28,CON,SEA,85,101,186,CON vs. SEA,SEA @ CON,2
1022500166,2025-07-28,DAL,NYL,92,82,174,DAL vs. NYL,NYL @ DAL,2
1022500167,2025-07-29,GSV,ATL,77,75,152,GSV @ ATL,ATL vs. GSV,2
1022500168,2025-07-29,CHI,WAS,86,103,189,CHI @ WAS,WAS vs. CHI,2
1022500169,2025-07-29,LVA,LAS,89,74,163,LVA @ LAS,LAS vs. LVA,2
1022500170,2025-07-30,PHX,IND,101,107,208,PHX @ IND,IND vs. PHX,2
1022500171,2025-07-30,ATL,DAL,88,85,173,ATL @ DAL,DAL vs. ATL,2
1022500172,2025-07-30,MIN,NYL,100,93,193,MIN vs. NYL,NYL @ MIN,2
1022500173,2025-07-31,GSV,WAS,68,67,135,GSV @ WAS,WAS vs. GSV,2
1022500174,2025-08-01,PHX,ATL,72,95,167,PHX @ ATL,ATL vs. PHX,2
1022500175,2025-08-01,NYL,CON,62,78,140,NYL @ CON,CON vs. NYL,2
1022500176,2025-08-01,GSV,CHI,73,66,139,GSV @ CHI,CHI vs. GSV,2
1022500177,2025-08-01,IND,DAL,88,78,166,IND @ DAL,DAL vs. IND,2
1022500178,2025-08-01,SEA,LAS,106,108,214,SEA vs. LAS,LAS @ SEA,2
1022500179,2025-08-02,MIN,LVA,111,58,169,MIN @ LVA,LVA vs. MIN,2
1022500180,2025-08-03,ATL,WAS,99,83,182,ATL vs. WAS,WAS @ ATL,2
1022500181,2025-08-03,CON,NYL,78,87,165,CON vs. NYL,NYL @ CON,2
1022500182,2025-08-03,CHI,PHX,67,83,150,CHI vs. PHX,PHX @ CHI,2
1022500183,2025-08-03,LVA,GSV,101,77,178,LVA vs. GSV,GSV @ LVA,2
1022500184,2025-08-03,IND,SEA,78,74,152,IND @ SEA,SEA vs. IND,2
1022500185,2025-08-05,NYL,DAL,85,76,161,NYL vs. DAL,DAL @ NYL,2
1022500186,2025-08-05,WAS,CHI,64,78,142,WAS @ CHI,CHI vs. WAS,2
1022500187,2025-08-05,LAS,IND,100,91,191,LAS vs. IND,IND @ LAS,2
1022500188,2025-08-05,PHX,CON,82,66,148,PHX vs. CON,CON @ PHX,2
1022500189,2025-08-05,SEA,MIN,87,91,178,SEA vs. MIN,MIN @ SEA,2
1022500190,2025-08-06,LVA,GSV,78,72,150,LVA @ GSV,GSV vs. LVA,2
1022500191,2025-08-07,CHI,ATL,65,86,151,CHI vs. ATL,ATL @ CHI,2
1022500192,2025-08-07,LAS,CON,102,91,193,LAS vs. CON,CON @ LAS,2
1022500193,2025-08-07,PHX,IND,95,60,155,PHX vs. IND,IND @ PHX,2
1022500194,2025-08-08,DAL,NYL,77,88,165,DAL vs. NYL,NYL @ DAL,2
1022500195,2025-08-08,WAS,MIN,76,80,156,WAS @ MIN,MIN vs. WAS,2
1022500196,2025-08-08,SEA,LVA,86,90,176,SEA @ LVA,LVA vs. SEA,2
1022500197,2025-08-09,GSV,LAS,72,59,131,GSV vs. LAS,LAS @ GSV,2
1022500198,2025-08-09,CHI,IND,70,92,162,CHI @ IND,IND vs. CHI,2
1022500199,2025-08-10,MIN,NYL,83,71,154,MIN @ NYL,NYL vs. MIN,2
1022500200,2025-08-10,WAS,DAL,91,78,169,WAS @ DAL,DAL vs. WAS,2
1022500201,2025-08-10,LAS,SEA,94,91,185,LAS vs. SEA,SEA @ LAS,2
1022500202,2025-08-10,PHX,ATL,66,74,140,PHX vs. ATL,ATL @ PHX,2
1022500203,2025-08-10,LVA,CON,94,86,180,LVA vs. CON,CON @ LVA,2
1022500204,2025-08-11,CON,GSV,57,74,131,CON @ GSV,GSV vs. CON,2
1022500205,2025-08-12,DAL,IND,81,80,161,DAL @ IND,IND vs. DAL,2
1022500206,2025-08-12,LAS,NYL,97,105,202,LAS vs. NYL,NYL @ LAS,2
1022500207,2025-08-13,CON,CHI,71,62,133,CON vs. CHI,CHI @ CON,2
1022500208,2025-08-13,WAS,GSV,83,88,171,WAS vs. GSV,GSV @ WAS,2
1022500209,2025-08-13,LVA,NYL,83,77,160,LVA vs. NYL,NYL @ LVA,2
1022500210,2025-08-13,SEA,ATL,75,85,160,SEA vs. ATL,ATL @ SEA,2
1022500211,2025-08-15,IND,WAS,84,88,172,IND vs. WAS,WAS @ IND,2
1022500212,2025-08-15,GSV,CHI,90,59,149,GSV @ CHI,CHI vs. GSV,2
1022500213,2025-08-15,LAS,DAL,97,96,193,LAS @ DAL,DAL vs. LAS,2
1022500214,2025-08-15,SEA,ATL,80,78,158,SEA @ ATL,ATL vs. SEA,2
1022500215,2025-08-15,PHX,LVA,83,86,169,PHX vs. LVA,LVA @ PHX,2
1022500216,2025-08-16,MIN,NYL,86,80,166,MIN vs. NYL,NYL @ MIN,2
1022500217,2025-08-17,LAS,WAS,86,95,181,LAS @ WAS,WAS vs. LAS,2
1022500218,2025-08-17,IND,CON,99,93,192,IND @ CON,CON vs. IND,2
1022500219,2025-08-17,DAL,LVA,87,106,193,DAL @ LVA,LVA vs. DAL,2
1022500220,2025-08-17,SEA,PHX,82,85,167,SEA vs. PHX,PHX @ SEA,2
1022500221,2025-08-17,GSV,ATL,63,79,142,GSV vs. ATL,ATL @ GSV,2
1022500222,2025-08-19,MIN,NYL,75,85,160,MIN @ NYL,NYL vs. MIN,2
1022500223,2025-08-19,WAS,CON,69,80,149,WAS vs. CON,CON @ WAS,2
1022500224,2025-08-19,SEA,CHI,94,88,182,SEA @ CHI,CHI vs. SEA,2
1022500225,2025-08-19,ATL,LVA,72,74,146,ATL @ LVA,LVA vs. ATL,2
1022500226,2025-08-19,PHX,GSV,98,91,189,PHX @ GSV,GSV vs. PHX,2
1022500227,2025-08-20,DAL,LAS,80,81,161,DAL @ LAS,LAS vs. DAL,2
1022500228,2025-08-21,CON,WAS,67,56,123,CON vs. WAS,WAS @ CON,2
1022500229,2025-08-21,CHI,NYL,91,85,176,CHI @ NYL,NYL vs. CHI,2
1022500230,2025-08-21,ATL,MIN,75,73,148,ATL vs. MIN,MIN @ ATL,2
1022500231,2025-08-21,PHX,LVA,61,83,144,PHX @ LVA,LVA vs. PHX,2
1022500232,2025-08-22,IND,MIN,90,95,185,IND vs. MIN,MIN @ IND,2
1022500233,2025-08-22,DAL,SEA,60,95,155,DAL vs. SEA,SEA @ DAL,2
1022500234,2025-08-22,GSV,PHX,72,81,153,GSV @ PHX,PHX vs. GSV,2
1022500235,2025-08-23,ATL,NYL,78,62,140,ATL vs. NYL,NYL @ ATL,2
1022500236,2025-08-23,WAS,LVA,81,91,172,WAS vs. LVA,LVA @ WAS,2
1022500237,2025-08-23,CON,CHI,94,84,178,CON @ CHI,CHI vs. CON,2
1022500238,2025-08-24,SEA,WAS,84,82,166,SEA @ WAS,WAS vs. SEA,2
1022500239,2025-08-24,GSV,DAL,90,81,171,GSV @ DAL,DAL vs. GSV,2
1022500240,2025-08-24,IND,MIN,84,97,181,IND @ MIN,MIN vs. IND,2
1022500241,2025-08-25,CON,NYL,79,81,160,CON @ NYL,NYL vs. CON,2
1022500242,2025-08-25,LVA,CHI,79,74,153,LVA @ CHI,CHI vs. LVA,2
1022500243,2025-08-26,IND,SEA,95,75,170,IND vs. SEA,SEA @ IND,2
1022500244,2025-08-26,LAS,PHX,84,92,176,LAS vs. PHX,PHX @ LAS,2
1022500245,2025-08-27,ATL,LVA,75,81,156,ATL vs. LVA,LVA @ ATL,2
1022500246,2025-08-27,CON,DAL,101,95,196,CON @ DAL,DAL vs. CON,2
1022500247,2025-08-28,WAS,NYL,63,89,152,WAS @ NYL,NYL vs. WAS,2
1022500248,2025-08-28,MIN,SEA,79,93,172,MIN vs. SEA,SEA @ MIN,2
1022500249,2025-08-28,CHI,PHX,79,83,162,CHI @ PHX,PHX vs. CHI,2
1022500250,2025-08-29,DAL,ATL,78,100,178,DAL @ ATL,ATL vs. DAL,2
1022500251,2025-08-29,IND,LAS,76,75,151,IND @ LAS,LAS vs. IND,2
1022500252,2025-08-30,MIN,CON,94,70,164,MIN @ CON,CON vs. MIN,2
1022500253,2025-08-30,WAS,GSV,62,99,161,WAS @ GSV,GSV vs. WAS,2
1022500254,2025-08-30,CHI,SEA,69,79,148,CHI @ SEA,SEA vs. CHI,2
1022500255,2025-08-30,PHX,NYL,80,63,143,PHX vs. NYL,NYL @ PHX,2
1022500256,2025-08-31,WAS,LAS,78,81,159,WAS @ LAS,LAS vs. WAS,2
1022500257,2025-08-31,IND,GSV,63,75,138,IND @ GSV,GSV vs. IND,2
1022500258,2025-09-01,ATL,CON,93,76,169,ATL @ CON,CON vs. ATL,2
1022500259,2025-09-01,DAL,MIN,71,96,167,DAL @ MIN,MIN vs. DAL,2
1022500260,2025-09-01,SEA,LAS,85,91,176,SEA vs. LAS,LAS @ SEA,2
1022500261,2025-09-02,GSV,NYL,66,58,124,GSV vs. NYL,NYL @ GSV,2
1022500262,2025-09-02,PHX,IND,85,79,164,PHX vs. IND,IND @ PHX,2
1022500263,2025-09-03,ATL,LAS,86,75,161,ATL vs. LAS,LAS @ ATL,2
1022500264,2025-09-03,CON,CHI,64,88,152,CON @ CHI,CHI vs. CON,2
1022500265,2025-09-04,WAS,PHX,69,75,144,WAS vs. PHX,PHX @ WAS,2
1022500266,2025-09-04,DAL,GSV,80,84,164,DAL @ GSV,GSV vs. DAL,2
1022500267,2025-09-04,MIN,LVA,87,97,184,MIN @ LVA,LVA vs. MIN,2
1022500268,2025-09-05,LAS,ATL,85,104,189,LAS @ ATL,ATL vs. LAS,2
1022500269,2025-09-05,IND,CHI,97,77,174,IND vs. CHI,CHI @ IND,2
1022500270,2025-09-05,NYL,SEA,84,76,160,NYL @ SEA,SEA vs. NYL,2
1022500271,2025-09-06,PHX,CON,84,87,171,PHX @ CON,CON vs. PHX,2
1022500272,2025-09-06,GSV,MIN,72,78,150,GSV vs. MIN,MIN @ GSV,2
1022500273,2025-09-07,WAS,IND,65,94,159,WAS vs. IND,IND @ WAS,2
1022500274,2025-09-07,DAL,LAS,77,91,168,DAL @ LAS,LAS vs. DAL,2
1022500275,2025-09-07,LVA,CHI,80,66,146,LVA vs. CHI,CHI @ LVA,2
1022500276,2025-09-08,ATL,CON,87,62,149,ATL vs. CON,CON @ ATL,2
1022500277,2025-09-09,WAS,NYL,66,75,141,WAS @ NYL,NYL vs. WAS,2
1022500278,2025-09-09,MIN,IND,72,83,155,MIN @ IND,IND vs. MIN,2
1022500279,2025-09-09,LVA,CHI,92,61,153,LVA vs. CHI,CHI @ LVA,2
1022500280,2025-09-09,LAS,PHX,88,83,171,LAS @ PHX,PHX vs. LAS,2
1022500281,2025-09-09,GSV,SEA,73,74,147,GSV @ SEA,SEA vs. GSV,2
1022500282,2025-09-10,CON,ATL,72,88,160,CON vs. ATL,ATL @ CON,2
1022500283,2025-09-11,CHI,NYL,86,91,177,CHI vs. NYL,NYL @ CHI,2
1022500284,2025-09-11,DAL,PHX,97,76,173,DAL vs. PHX,PHX @ DAL,2
1022500285,2025-09-11,MIN,GSV,72,53,125,MIN vs. GSV,GSV @ MIN,2
1022500286,2025-09-11,LAS,LVA,75,103,178,LAS vs. LVA,LVA @ LAS,2
1022600001,2026-05-08,CON,NYL,75,106,181,CON @ NYL,NYL vs. CON,2
1022600002,2026-05-08,TOR,WAS,65,68,133,TOR vs. WAS,WAS @ TOR,2
1022600003,2026-05-08,GSV,SEA,91,80,171,GSV @ SEA,SEA vs. GSV,2
1022600004,2026-05-09,IND,DAL,104,107,211,IND vs. DAL,DAL @ IND,2
1022600005,2026-05-09,PHX,LVA,99,66,165,PHX @ LVA,LVA vs. PHX,2
1022600006,2026-05-09,CHI,PDX,98,83,181,CHI @ PDX,PDX vs. CHI,2
1022600007,2026-05-10,SEA,CON,89,82,171,SEA @ CON,CON vs. SEA,2
1022600008,2026-05-10,NYL,WAS,98,93,191,NYL @ WAS,WAS vs. NYL,2
1022600009,2026-05-10,LAS,LVA,78,105,183,LAS vs. LVA,LVA @ LAS,2
1022600010,2026-05-09,ATL,MIN,91,90,181,ATL @ MIN,MIN vs. ATL,2
1022600011,2026-05-10,GSV,PHX,95,79,174,GSV vs. PHX,PHX @ GSV,2
1022600012,2026-05-12,ATL,DAL,77,72,149,ATL @ DAL,DAL vs. ATL,2
1022600013,2026-05-12,PHX,MIN,84,88,172,PHX vs. MIN,MIN @ PHX,2
1022600014,2026-05-12,PDX,NYL,98,96,194,PDX vs. NYL,NYL @ PDX,2
1022600015,2026-05-13,SEA,TOR,73,86,159,SEA @ TOR,TOR vs. SEA,2
1022600016,2026-05-13,CON,LVA,69,98,167,CON vs. LVA,LVA @ CON,2
1022600017,2026-05-13,GSV,CHI,63,69,132,GSV vs. CHI,CHI @ GSV,2
1022600018,2026-05-13,IND,LAS,87,78,165,IND @ LAS,LAS vs. IND,2
1022600019,2026-05-14,DAL,MIN,86,90,176,DAL vs. MIN,MIN @ DAL,2
1022600020,2026-05-14,NYL,PDX,100,82,182,NYL @ PDX,PDX vs. NYL,2
1022600021,2026-05-15,CON,LVA,94,101,195,CON vs. LVA,LVA @ CON,2
1022600022,2026-05-15,IND,WAS,102,104,206,IND vs. WAS,WAS @ IND,2
1022600023,2026-05-15,TOR,LAS,95,99,194,TOR @ LAS,LAS vs. TOR,2
1022600024,2026-05-15,CHI,PHX,83,91,174,CHI @ PHX,PHX vs. CHI,2
1022600025,2026-05-17,CHI,MIN,86,79,165,CHI @ MIN,MIN vs. CHI,2
1022600026,2026-05-17,ATL,LVA,84,85,169,ATL vs. LVA,LVA @ ATL,2
1022600027,2026-05-17,SEA,IND,78,89,167,SEA @ IND,IND vs. SEA,2
1022600028,2026-05-17,LAS,TOR,96,106,202,LAS vs. TOR,TOR @ LAS,2
1022600029,2026-05-18,WAS,DAL,69,92,161,WAS @ DAL,DAL vs. WAS,2
1022600030,2026-05-18,PDX,CON,83,82,165,PDX vs. CON,CON @ PDX,2
1022600031,2026-05-19,PHX,TOR,90,98,188,PHX vs. TOR,TOR @ PHX,2
1022600032,2026-05-20,PDX,IND,73,90,163,PDX @ IND,IND vs. PDX,2
1022600033,2026-05-20,DAL,CHI,99,89,188,DAL @ CHI,CHI vs. DAL,2
1022600034,2026-05-20,CON,SEA,80,78,158,CON @ SEA,SEA vs. CON,2
1022600035,2026-05-21,NYL,GSV,70,87,157,NYL vs. GSV,GSV @ NYL,2
1022600036,2026-05-21,TOR,MIN,72,100,172,TOR @ MIN,MIN vs. TOR,2
1022600037,2026-05-21,PHX,LAS,88,97,185,PHX vs. LAS,LAS @ PHX,2
1022600038,2026-05-22,ATL,DAL,86,69,155,ATL vs. DAL,DAL @ ATL,2
1022600039,2026-05-22,GSV,IND,82,90,172,GSV @ IND,IND vs. GSV,2
1022600040,2026-05-22,SEA,CON,77,59,136,SEA vs. CON,CON @ SEA,2
1022600041,2026-05-23,CHI,MIN,75,85,160,CHI vs. MIN,MIN @ CHI,2
1022600042,2026-05-23,PDX,TOR,99,80,179,PDX @ TOR,TOR vs. PDX,2
1022600043,2026-05-23,LVA,LAS,95,101,196,LVA vs. LAS,LAS @ LVA,2
1022600044,2026-05-24,ATL,PHX,82,80,162,ATL vs. PHX,PHX @ ATL,2
1022600045,2026-05-24,DAL,NYL,91,76,167,DAL @ NYL,NYL vs. DAL,2
1022600046,2026-05-24,SEA,WAS,97,85,182,SEA vs. WAS,WAS @ SEA,2
1022600047,2026-05-25,PDX,NYL,81,74,155,PDX @ NYL,NYL vs. PDX,2
1022600048,2026-05-25,CON,GSV,70,97,167,CON @ GSV,GSV vs. CON,2
1022600049,2026-05-27,PHX,NYL,74,84,158,PHX @ NYL,NYL vs. PHX,2
1022600050,2026-05-27,TOR,CHI,111,104,215,TOR @ CHI,CHI vs. TOR,2
1022600051,2026-05-27,ATL,MIN,81,96,177,ATL @ MIN,MIN vs. ATL,2
1022600052,2026-05-27,PDX,CON,71,61,132,PDX vs. CON,CON @ PDX,2
1022600053,2026-05-27,SEA,WAS,64,78,142,SEA vs. WAS,WAS @ SEA,2
1022600054,2026-05-28,LVA,DAL,87,95,182,LVA @ DAL,DAL vs. LVA,2
1022600055,2026-05-28,GSV,IND,90,88,178,GSV vs. IND,IND @ GSV,2
1022600056,2026-05-29,PHX,NYL,68,75,143,PHX @ NYL,NYL vs. PHX,2
1022600057,2026-05-29,LAS,WAS,92,87,179,LAS @ WAS,WAS vs. LAS,2
1022600058,2026-05-29,CHI,MIN,58,79,137,CHI vs. MIN,MIN @ CHI,2
1022600059,2026-05-29,ATL,PDX,86,66,152,ATL @ PDX,PDX vs. ATL,2
1022600060,2026-05-30,SEA,TOR,72,93,165,SEA @ TOR,TOR vs. SEA,2
1022600061,2026-05-30,CON,LAS,84,81,165,CON vs. LAS,LAS @ CON,2
1022600062,2026-05-30,PDX,IND,100,84,184,PDX vs. IND,IND @ PDX,2
1022600063,2026-05-31,GSV,LVA,81,91,172,GSV vs. LVA,LVA @ GSV,2
1022600064,2026-06-01,SEA,DAL,56,79,135,SEA @ DAL,DAL vs. SEA,2
1022600065,2026-06-01,MIN,PHX,111,77,188,MIN @ PHX,PHX vs. MIN,2
1022600066,2026-06-02,ATL,CON,91,75,166,ATL vs. CON,CON @ ATL,2
1022600067,2026-06-02,WAS,CHI,90,72,162,WAS vs. CHI,CHI @ WAS,2
1022600068,2026-06-02,PDX,GSV,77,95,172,PDX @ GSV,GSV vs. PDX,2
1022600069,2026-06-02,LAS,LVA,69,79,148,LAS vs. LVA,LVA @ LAS,2
1022600070,2026-06-03,TOR,NYL,82,97,179,TOR @ NYL,NYL vs. TOR,2
1022600071,2026-06-03,PHX,SEA,72,68,140,PHX @ SEA,SEA vs. PHX,2
1022600072,2026-06-04,ATL,IND,71,83,154,ATL @ IND,IND vs. ATL,2
1022600073,2026-06-04,MIN,GSV,87,84,171,MIN vs. GSV,GSV @ MIN,2
1022600074,2026-06-05,CON,CHI,80,85,165,CON @ CHI,CHI vs. CON,2
1022600075,2026-06-05,LAS,DAL,96,104,200,LAS vs. DAL,DAL @ LAS,2
1022600076,2026-06-05,PHX,PDX,78,72,150,PHX @ PDX,PDX vs. PHX,2
1022600077,2026-06-06,SEA,MIN,68,88,156,SEA @ MIN,MIN vs. SEA,2
1022600078,2026-06-06,GSV,LVA,79,84,163,GSV @ LVA,LVA vs. GSV,2
1022600079,2026-06-06,WAS,ATL,77,109,186,WAS @ ATL,ATL vs. WAS,2
1022600080,2026-06-06,IND,NYL,75,83,158,IND @ NYL,NYL vs. IND,2
1022600081,2026-06-07,TOR,CHI,85,68,153,TOR vs. CHI,CHI @ TOR,2
1022600082,2026-06-07,PDX,LAS,72,89,161,PDX @ LAS,LAS vs. PDX,2
1022600083,2026-06-08,NYL,CON,89,80,169,NYL @ CON,CON vs. NYL,2
1022600084,2026-06-08,IND,WAS,78,76,154,IND @ WAS,WAS vs. IND,2
1022600085,2026-06-08,SEA,LVA,91,101,192,SEA @ LVA,LVA vs. SEA,2
1022600086,2026-06-09,CHI,ATL,75,82,157,CHI vs. ATL,ATL @ CHI,2
1022600087,2026-06-09,DAL,MIN,76,100,176,DAL @ MIN,MIN vs. DAL,2
1022600088,2026-06-09,GSV,PHX,87,81,168,GSV vs. PHX,PHX @ GSV,2
1022600089,2026-06-10,CON,TOR,102,106,208,CON @ TOR,TOR vs. CON,2
1022600090,2026-06-10,LAS,SEA,88,83,171,LAS @ SEA,SEA vs. LAS,2
1022600091,2026-06-11,IND,CHI,114,106,220,IND vs. CHI,CHI @ IND,2
1022600092,2026-06-11,ATL,NYL,90,104,194,ATL vs. NYL,NYL @ ATL,2
1022600093,2026-06-11,DAL,PHX,85,70,155,DAL vs. PHX,PHX @ DAL,2
1022600094,2026-06-11,LVA,PDX,105,89,194,LVA @ PDX,PDX vs. LVA,2
1022600095,2026-06-12,WAS,TOR,86,85,171,WAS vs. TOR,TOR @ WAS,2
1022600096,2026-06-12,SEA,GSV,72,76,148,SEA vs. GSV,GSV @ SEA,2
1022600097,2026-06-13,IND,CON,85,75,160,IND @ CON,CON vs. IND,2
1022600098,2026-06-13,MIN,LVA,97,100,197,MIN @ LVA,LVA vs. MIN,2
1022600099,2026-06-13,DAL,PDX,83,84,167,DAL @ PDX,PDX vs. DAL,2
1022600100,2026-06-13,PHX,LAS,102,111,213,PHX vs. LAS,LAS @ PHX,2
1022600101,2026-06-14,WAS,NYL,64,86,150,WAS @ NYL,NYL vs. WAS,2
1022600102,2026-06-14,ATL,TOR,102,77,179,ATL @ TOR,TOR vs. ATL,2
1022600103,2026-06-15,LVA,DAL,66,96,162,LVA @ DAL,DAL vs. LVA,2
1022600104,2026-06-15,PDX,MIN,74,107,181,PDX @ MIN,MIN vs. PDX,2
1022600105,2026-06-15,GSV,LAS,78,58,136,GSV vs. LAS,LAS @ GSV,2
1022600106,2026-06-16,IND,TOR,113,91,204,IND vs. TOR,TOR @ IND,2
1022600107,2026-06-17,CON,WAS,81,88,169,CON vs. WAS,WAS @ CON,2
1022600108,2026-06-17,NYL,CHI,96,95,191,NYL @ CHI,CHI vs. NYL,2
1022600109,2026-06-17,DAL,GSV,80,91,171,DAL @ GSV,GSV vs. DAL,2
1022600110,2026-06-17,LAS,MIN,83,99,182,LAS vs. MIN,MIN @ LAS,2
1022600111,2026-06-17,PHX,LVA,76,86,162,PHX vs. LVA,LVA @ PHX,2
1022600112,2026-06-17,PDX,SEA,94,89,183,PDX vs. SEA,SEA @ PDX,2
1022600113,2026-06-18,IND,ATL,101,108,209,IND vs. ATL,ATL @ IND,2
1022600114,2026-06-19,CON,TOR,97,101,198,CON vs. TOR,TOR @ CON,2
1022600115,2026-06-19,WAS,NYL,86,83,169,WAS @ NYL,NYL vs. WAS,2
1022600116,2026-06-19,MIN,GSV,81,75,156,MIN @ GSV,GSV vs. MIN,2
1022600117,2026-06-20,IND,ATL,96,113,209,IND @ ATL,ATL vs. IND,2
1022600118,2026-06-20,PHX,SEA,93,73,166,PHX vs. SEA,SEA @ PHX,2
1022600119,2026-06-20,DAL,CHI,93,92,185,DAL vs. CHI,CHI @ DAL,2
1022600120,2026-06-21,LVA,GSV,92,73,165,LVA vs. GSV,GSV @ LVA,2
1022600121,2026-06-21,MIN,WAS,79,84,163,MIN vs. WAS,WAS @ MIN,2
1022600122,2026-06-21,NYL,LAS,97,98,195,NYL @ LAS,LAS vs. NYL,2
1022600123,2026-06-22,CON,CHI,92,63,155,CON vs. CHI,CHI @ CON,2
1022600124,2026-06-22,ATL,TOR,94,87,181,ATL vs. TOR,TOR @ ATL,2
1022600125,2026-06-22,PHX,IND,77,86,163,PHX @ IND,IND vs. PHX,2
1022600126,2026-06-22,DAL,SEA,112,110,222,DAL @ SEA,SEA vs. DAL,2
1022600127,2026-06-23,LVA,NYL,76,87,163,LVA vs. NYL,NYL @ LVA,2
1022600128,2026-06-24,PHX,IND,111,109,220,PHX @ IND,IND vs. PHX,2
1022600129,2026-06-24,WAS,MIN,76,78,154,WAS vs. MIN,MIN @ WAS,2
1022600130,2026-06-24,PDX,CHI,78,101,179,PDX @ CHI,CHI vs. PDX,2
1022600131,2026-06-24,ATL,GSV,66,77,143,ATL @ GSV,GSV vs. ATL,2
1022600132,2026-06-25,LAS,TOR,97,125,222,LAS @ TOR,TOR vs. LAS,2
1022600133,2026-06-25,LVA,DAL,99,84,183,LVA vs. DAL,DAL @ LVA,2
1022600134,2026-06-25,NYL,SEA,88,99,187,NYL @ SEA,SEA vs. NYL,2
1022600135,2026-06-26,WAS,CON,57,68,125,WAS @ CON,CON vs. WAS,2
1022600136,2026-06-26,CHI,PDX,124,94,218,CHI vs. PDX,PDX @ CHI,2
1022600137,2026-06-26,ATL,GSV,75,78,153,ATL @ GSV,GSV vs. ATL,2
