TEAM_ID,TEAM_NAME,GP,W,L,W_PCT,MIN,FGM,FGA,FG_PCT,FG3M,FG3A,FG3_PCT,FTM,FTA,FT_PCT,OREB,DREB,REB,AST,TOV,STL,BLK,BLKA,PF,PFD,PTS,PLUS_MINUS,GP_RANK,W_RANK,L_RANK,W_PCT_RANK,MIN_RANK,FGM_RANK,FGA_RANK,FG_PCT_RANK,FG3M_RANK,FG3A_RANK,FG3_PCT_RANK,FTM_RANK,FTA_RANK,FT_PCT_RANK,OREB_RANK,DREB_RANK,REB_RANK,AST_RANK,TOV_RANK,STL_RANK,BLK_RANK,BLKA_RANK,PF_RANK,PFD_RANK,PTS_RANK,PLUS_MINUS_RANK,FetchTimestampUTC,SourceEndpoint,SeasonFetched
1611661330,Atlanta Dream,44,30,14,0.682,40.1,30.1,67.8,0.443,9.6,28.4,0.337,14.7,18.7,0.786,8.9,27.7,36.6,21.4,12.5,6.8,4.5,3.6,15.8,17.0,84.4,7.6,1,2,2,2,3,6,6,6,3,2,7,7,4,6,3,1,1,3,2,11,4,4,1,8,5,2,2026-10-06T17:13:50.050567+00:00,leaguedashteamstats,2025
1611661329,Chicago Sky,44,10,34,0.227,40.0,28.0,66.0,0.425,6.7,20.2,0.33,13.0,17.1,0.763,9.8,25.7,35.5,19.3,16.9,6.0,4.2,5.5,17.8,16.7,75.8,-10.0,1,12,12,12,10,10,10,10,10,12,9,11,11,11,2,5,2,10,13,13,6,13,8,10,13,12,2026-10-06T17:13:50.050567+00:00,leaguedashteamstats,2025
1611661323,Connecticut Sun,44,11,33,0.25,40.1,27.6,67.1,0.412,6.2,20.4,0.302,14.5,18.2,0.793,8.5,23.3,31.9,17.4,14.0,7.8,3.7,3.8,19.6,17.5,75.8,-10.1,1,11,11,11,3,12,9,12,12,11,13,8,8,5,7,13,12,13,8,3,9,5,13,6,12,13,2026-10-06T17:13:50.050567+00:00,leaguedashteamstats,2025
1611661321,Dallas Wings,44,10,34,0.227,40.1,30.2,71.4,0.423,6.6,21.6,0.304,14.8,18.4,0.802,10.0,25.3,35.4,20.2,13.9,7.3,4.0,4.7,18.9,17.6,81.7,-6.3,1,12,12,12,3,5,1,11,11,10,12,6,6,4,1,8,3,8,7,8,7,11,12,5,9,11,2026-10-06T17:13:50.050567+00:00,leaguedashteamstats,2025
1611661331,Golden State Valkyries,44,23,21,0.523,40.1,26.5,65.2,0.407,9.7,29.9,0.325,15.0,18.4,0.815,8.7,26.6,35.3,18.5,14.2,6.8,2.9,4.1,17.5,17.8,77.7,1.4,1,7,7,7,3,13,12,13,1,1,11,5,6,3,5,3,4,12,10,10,12,9,7,4,10,8,2026-10-06T17:13:50.050567+00:00,leaguedashteamstats,2025
1611661325,Indiana Fever,44,24,20,0.545,40.1,31.4,68.8,0.456,8.3,24.0,0.346,13.8,18.0,0.77,8.8,24.6,33.4,20.6,14.0,7.7,2.8,3.9,18.6,19.0,84.9,3.4,1,6,6,6,3,2,3,3,8,8,4,10,9,9,4,11,9,7,8,5,13,7,11,2,3,4,2026-10-06T17:13:50.050567+00:00,leaguedashteamstats,2025
1611661319,Las Vegas Aces,44,30,14,0.682,40.0,29.7,67.6,0.439,9.1,25.9,0.351,15.2,18.5,0.824,8.1,25.4,33.5,19.6,13.0,7.5,4.9,2.6,16.6,17.2,83.6,2.9,1,2,2,2,10,8,7,8,6,5,3,4,5,2,9,7,8,9,4,7,2,1,4,7,6,5,2026-10-06T17:13:50.050567+00:00,leaguedashteamstats,2025
1611661320,Los Angeles Sparks,44,21,23,0.477,40.3,30.7,67.1,0.457,8.6,25.6,0.337,15.7,20.4,0.769,8.0,25.3,33.3,20.7,15.0,7.3,3.1,4.7,16.9,18.3,85.7,-2.6,1,9,9,9,1,4,8,2,7,6,8,1,2,10,10,10,10,6,11,9,11,11,5,3,2,9,2026-10-06T17:13:50.050567+00:00,leaguedashteamstats,2025
1611661324,Minnesota Lynx,44,34,10,0.773,40.1,32.1,68.1,0.472,9.6,25.4,0.378,12.2,16.1,0.76,8.5,25.6,34.2,23.3,13.0,8.2,4.8,2.8,16.0,16.4,86.1,9.4,1,1,1,1,3,1,5,1,2,7,1,13,12,12,7,6,6,1,3,2,3,2,2,13,1,1,2026-10-06T17:13:50.050567+00:00,leaguedashteamstats,2025
1611661313,New York Liberty,44,27,17,0.614,40.0,29.6,65.3,0.453,9.5,26.8,0.355,15.6,18.7,0.837,6.8,26.9,33.7,21.8,13.8,7.6,4.4,3.3,16.2,16.8,84.4,4.1,1,4,4,4,10,9,11,4,4,4,2,2,3,1,13,2,7,2,6,6,5,3,3,9,4,3,2026-10-06T17:13:50.050567+00:00,leaguedashteamstats,2025
1611661317,Phoenix Mercury,44,27,17,0.614,40.0,29.7,68.6,0.433,9.4,27.7,0.34,13.9,17.8,0.784,8.7,26.0,34.7,20.9,13.5,7.8,3.7,3.8,17.8,16.4,82.8,2.7,1,4,4,4,10,7,4,9,5,3,6,9,10,7,6,4,5,5,5,4,8,6,8,12,7,6,2026-10-06T17:13:50.050567+00:00,leaguedashteamstats,2025
1611661328,Seattle Storm,44,23,21,0.523,40.2,31.1,69.2,0.45,7.5,22.1,0.342,12.3,16.0,0.771,6.9,24.0,30.9,21.3,12.3,8.5,5.1,4.2,17.1,16.6,82.1,2.0,1,7,7,7,2,3,2,5,9,9,5,12,13,8,12,12,13,4,1,1,1,10,6,11,8,7,2026-10-06T17:13:50.050567+00:00,leaguedashteamstats,2025
1611661322,Washington Mystics,44,16,28,0.364,40.1,28.0,63.7,0.439,5.6,17.1,0.329,15.6,20.7,0.754,7.7,25.3,33.0,19.2,15.3,6.5,3.2,3.9,18.2,19.6,77.1,-4.4,1,10,10,10,3,11,13,7,13,13,10,3,1,13,11,8,11,11,12,12,10,7,10,1,11,10,2026-10-06T17:13:50.050567+00:00,leaguedashteamstats,2025
1611661330,Atlanta Dream,44,30,14,0.682,40.1,31.6,71.5,0.442,9.0,27.5,0.325,19.2,24.4,0.786,10.6,25.0,35.6,21.5,13.4,9.1,3.3,5.2,19.6,21.2,91.3,6.9,1,4,4,4,8,5,1,11,7,5,11,1,2,10,1,9,2,6,6,1,14,15,9,3,3,3,2026-10-06T17:14:00.444126+00:00,leaguedashteamstats,2026
1611661329,Chicago Sky,44,16,28,0.364,40.2,31.1,69.8,0.445,7.3,23.3,0.315,17.3,22.6,0.765,7.7,25.3,33.0,21.6,13.3,7.0,4.7,5.0,21.1,19.3,86.8,-3.9,1,10,10,10,4,7,4,9,13,13,14,6,4,13,12,6,10,5,5,11,2,14,12,10,8,10,2026-10-06T17:14:00.444126+00:00,leaguedashteamstats,2026
1611661323,Connecticut Sun,44,11,33,0.25,40.1,29.1,68.5,0.425,5.9,20.1,0.295,14.7,20.7,0.709,9.1,23.5,32.6,19.1,14.6,7.9,4.4,4.5,22.3,19.7,78.9,-9.2,1,13,13,13,8,14,7,13,15,14,15,12,7,15,5,13,11,15,9,3,4,11,15,7,15,15,2026-10-06T17:14:00.444126+00:00,leaguedashteamstats,2026
1611661321,Dallas Wings,44,27,17,0.614,40.2,33.3,71.0,0.468,8.3,23.8,0.346,14.6,18.6,0.787,8.5,26.1,34.6,22.3,12.1,6.8,4.2,3.5,18.3,18.4,89.4,4.1,1,7,7,7,4,3,2,4,11,12,5,13,13,9,8,3,4,1,2,13,6,4,2,13,6,6,2026-10-06T17:14:00.444126+00:00,leaguedashteamstats,2026
1611661331,Golden State Valkyries,44,32,12,0.727,40.1,28.7,68.0,0.422,10.4,30.3,0.344,14.3,18.4,0.774,9.1,24.2,33.3,19.3,11.5,7.8,4.0,3.6,19.2,18.9,82.2,7.0,1,2,2,2,8,15,11,15,1,1,6,14,14,12,4,11,9,13,1,4,8,5,6,11,14,2,2026-10-06T17:14:00.444126+00:00,leaguedashteamstats,2026
1611661325,Indiana Fever,44,28,16,0.636,40.5,33.7,69.2,0.487,10.3,26.6,0.386,18.2,22.6,0.807,7.9,25.5,33.4,20.7,14.3,7.0,3.8,3.9,21.3,22.1,96.0,5.5,1,5,5,5,3,1,6,1,2,6,1,2,5,5,11,5,7,8,8,10,9,6,13,2,1,5,2026-10-06T17:14:00.444126+00:00,leaguedashteamstats,2026
1611661319,Las Vegas Aces,44,31,13,0.705,40.2,33.3,68.4,0.486,8.7,24.0,0.362,16.3,20.0,0.814,7.6,25.9,33.4,22.0,12.2,7.2,4.9,2.4,17.3,19.4,91.5,5.7,1,3,3,3,4,3,8,2,9,11,3,8,9,3,13,4,7,2,3,9,1,1,1,9,2,4,2026-10-06T17:14:00.444126+00:00,leaguedashteamstats,2026
1611661320,Los Angeles Sparks,44,16,28,0.364,40.1,31.5,68.2,0.463,8.7,26.0,0.336,15.2,19.6,0.777,7.3,23.7,31.0,21.8,15.0,7.7,3.3,4.1,19.5,20.7,87.0,-4.3,1,10,10,10,8,6,9,5,8,8,9,9,10,11,14,12,14,4,13,6,13,10,8,5,7,11,2026-10-06T17:14:00.444126+00:00,leaguedashteamstats,2026
1611661324,Minnesota Lynx,44,33,11,0.75,40.0,33.7,70.8,0.477,9.2,24.1,0.382,14.2,17.4,0.815,9.3,25.2,34.5,21.9,13.3,8.7,4.5,3.2,18.3,16.5,90.8,7.2,1,1,1,1,15,1,3,3,6,9,2,15,15,2,3,7,5,3,4,2,3,2,3,15,4,1,2026-10-06T17:14:00.444126+00:00,leaguedashteamstats,2026
1611661313,New York Liberty,44,26,18,0.591,40.2,31.0,67.3,0.46,10.2,29.3,0.348,17.5,20.7,0.845,8.1,27.4,35.5,20.8,14.7,6.1,4.2,3.3,18.7,20.5,89.6,3.2,1,8,8,8,4,8,13,6,4,3,4,5,8,1,9,1,3,7,11,14,7,3,4,6,5,7,2026-10-06T17:14:00.444126+00:00,leaguedashteamstats,2026
1611661317,Phoenix Mercury,44,16,28,0.364,40.1,29.2,65.6,0.445,7.9,24.1,0.327,18.2,23.0,0.79,6.9,24.7,31.6,20.3,13.7,7.5,3.4,4.0,18.7,21.2,84.4,-3.2,1,10,10,10,8,13,14,10,12,10,10,4,3,7,15,10,13,10,7,8,12,9,5,4,11,9,2026-10-06T17:14:00.444126+00:00,leaguedashteamstats,2026
1611661327,Portland Fire,44,17,27,0.386,40.6,30.5,67.9,0.448,10.2,29.8,0.344,15.1,18.7,0.807,8.0,22.3,30.2,20.4,15.1,7.6,3.6,4.6,22.2,18.8,86.2,-4.8,1,9,9,9,2,9,12,8,3,2,7,10,12,6,10,15,15,9,14,7,11,12,14,12,9,12,2026-10-06T17:14:00.444126+00:00,leaguedashteamstats,2026
1611661328,Seattle Storm,44,8,36,0.182,40.1,29.5,69.6,0.424,8.4,26.4,0.318,14.8,18.8,0.79,8.7,25.2,33.9,19.2,14.9,7.8,4.3,3.9,19.8,17.4,82.2,-6.8,1,15,15,15,8,12,5,14,10,7,13,11,11,8,7,7,6,14,12,4,5,8,10,14,13,13,2026-10-06T17:14:00.444126+00:00,leaguedashteamstats,2026
1611661332,Toronto Tempo,44,11,33,0.25,40.1,29.6,68.2,0.435,9.4,27.7,0.34,17.0,21.0,0.807,8.8,23.3,32.1,19.5,14.6,6.9,3.0,3.9,20.9,19.6,85.7,-8.7,1,13,13,13,8,11,10,12,5,4,8,7,6,4,6,14,12,12,10,12,15,6,11,8,10,14,2026-10-06T17:14:00.444126+00:00,leaguedashteamstats,2026
1611661322,Washington Mystics,44,28,16,0.636,40.7,29.8,65.5,0.454,6.3,19.6,0.323,18.2,24.9,0.731,10.3,27.4,37.7,19.7,15.5,5.5,3.8,4.6,19.3,22.8,84.0,1.3,1,5,5,5,1,10,15,7,14,15,12,3,1,14,2,1,1,11,15,15,10,13,7,1,12,8,2026-10-06T17:14:00.444126+00:00,leaguedashteamstats,2026
