team,created_at_utc,source_priority,team_games_official,team_pts_for_l3,team_pts_for_l5,team_pts_for_l10,team_margin_l3,team_margin_l5,team_margin_l10,team_dreb_pg_official,team_ast_pg_official,team_tov_pg_official,playerlog_team_pts_l3,playerlog_team_pts_l5,playerlog_team_pts_l10,playerlog_team_games,playerlog_total_minutes_pg,starter_minutes_concentration,bench_minutes_share,team_fga_pg_playerlog,team_fta_pg_playerlog,team_3pm_pg_playerlog,team_ast_pg_playerlog,team_reb_pg_playerlog,dash_gp,dash_wins,dash_losses,dash_win_pct,dash_pts,dash_plus_minus,dreb_allowed_rank,dreb_allowed_blended_dreb_allowed,dreb_allowed_dreb_allowed_2025,dreb_allowed_dreb_allowed_2026,dreb_allowed_signal
ATL,2026-10-06T17:14:23.898536+00:00,official_mobile_first,88,94.66666666666667,95.2,95.7,18.0,21.2,15.6,26.329545454545453,21.431818181818183,12.965909090909092,94.66666666666667,95.2,95.7,88.0,200.59772727272727,0.7741869422600636,0.22581305773993646,69.63636363636364,21.522727272727273,9.261363636363637,21.431818181818183,36.07954545454545,44.0,30.0,14.0,0.682,91.3,6.9,11.0,24.49090909090909,24.363636363636363,24.681818181818183,
CHI,2026-10-06T17:14:23.924789+00:00,official_mobile_first,88,90.33333333333333,83.4,83.6,-7.0,-14.0,-8.7,25.5,20.443181818181817,15.136363636363637,90.33333333333333,83.4,83.6,88.0,200.61363636363637,0.6843934556649173,0.3156065443350827,67.9090909090909,19.852272727272727,7.0,20.443181818181817,34.22727272727273,44.0,16.0,28.0,0.364,86.8,-3.9,6.0,25.481818181818184,23.863636363636363,27.90909090909091,
CON,2026-10-06T17:14:23.949387+00:00,official_mobile_first,88,84.33333333333333,76.6,77.1,-2.6666666666666665,-15.6,-14.9,23.420454545454547,18.227272727272727,14.272727272727273,84.33333333333333,76.6,77.1,88.0,200.63181818181818,0.6797668757723204,0.3202331242276796,67.79545454545455,19.477272727272727,6.045454545454546,18.227272727272727,32.22727272727273,44.0,11.0,33.0,0.25,78.9,-9.2,3.0,26.309090909090912,26.545454545454547,25.954545454545453,OVER
DAL,2026-10-06T17:14:23.974185+00:00,official_mobile_first,88,92.0,94.0,90.6,5.333333333333333,12.4,8.9,25.71590909090909,21.21590909090909,12.965909090909092,92.0,94.0,90.6,88.0,200.91136363636363,0.7301976685335038,0.2698023314664961,71.22727272727273,18.488636363636363,7.409090909090909,21.21590909090909,35.01136363636363,44.0,27.0,17.0,0.614,89.4,4.1,4.0,25.85,26.38636363636364,25.045454545454547,OVER
GSV,2026-10-06T17:14:24.000158+00:00,official_mobile_first,88,76.0,79.2,78.0,2.0,7.8,8.3,25.386363636363637,18.931818181818183,12.818181818181818,76.0,79.2,78.0,88.0,200.62840909090912,0.6785928786504775,0.3214071213495226,66.5909090909091,18.40909090909091,10.068181818181818,18.931818181818183,34.29545454545455,44.0,32.0,12.0,0.727,82.2,7.0,9.0,24.85909090909091,24.88636363636364,24.818181818181817,
IND,2026-10-06T17:14:24.025438+00:00,official_mobile_first,88,79.66666666666667,90.6,94.9,-5.666666666666667,4.2,4.1,25.056818181818183,20.636363636363637,14.147727272727273,79.66666666666667,90.6,94.9,88.0,201.47272727272727,0.7132274406325115,0.2867725593674886,68.97727272727273,20.28409090909091,9.284090909090908,20.636363636363637,33.42045454545455,44.0,28.0,16.0,0.636,96.0,5.5,13.0,24.25,24.84090909090909,23.363636363636363,UNDER
LAS,2026-10-06T17:14:24.050508+00:00,official_mobile_first,88,86.33333333333333,85.2,82.7,3.3333333333333335,1.2,-3.0,24.488636363636363,21.261363636363637,14.988636363636363,86.33333333333333,85.2,82.7,88.0,201.1897727272727,0.7500239279093012,0.24997607209069886,67.64772727272727,20.0,8.681818181818182,21.261363636363637,32.14772727272727,44.0,16.0,28.0,0.364,87.0,-4.3,7.0,25.472727272727276,25.09090909090909,26.045454545454547,
LVA,2026-10-06T17:14:24.075566+00:00,official_mobile_first,88,95.66666666666667,98.8,93.5,16.333333333333332,21.2,12.6,25.636363636363637,20.806818181818183,12.613636363636363,95.66666666666667,98.8,93.5,88.0,200.62613636363633,0.7303193327018426,0.2696806672981575,67.98863636363636,19.25,8.886363636363637,20.806818181818183,33.46590909090909,44.0,31.0,13.0,0.705,91.5,5.7,5.0,25.80454545454545,26.34090909090909,25.0,OVER
MIN,2026-10-06T17:14:24.100136+00:00,official_mobile_first,88,88.0,85.2,84.0,4.333333333333333,-1.4,0.9,25.420454545454547,22.59090909090909,13.113636363636363,88.0,85.2,84.0,88.0,200.3431818181818,0.7457856463448794,0.25421435365512063,69.43181818181819,16.71590909090909,9.409090909090908,22.59090909090909,34.35227272727273,44.0,33.0,11.0,0.75,90.8,7.2,14.0,24.14090909090909,24.34090909090909,23.84090909090909,UNDER
NYL,2026-10-06T17:14:24.125093+00:00,official_mobile_first,88,85.0,86.6,85.5,2.6666666666666665,7.8,3.1,27.15909090909091,21.318181818181817,14.261363636363637,85.0,86.6,85.5,88.0,200.62840909090903,0.7164583759020839,0.283541624097916,66.31818181818181,19.670454545454547,9.863636363636363,21.318181818181817,34.60227272727273,44.0,26.0,18.0,0.591,89.6,3.2,10.0,24.768181818181816,25.65909090909091,23.431818181818183,
PDX,2026-10-06T17:14:24.150337+00:00,official_mobile_first,44,80.0,80.0,84.6,-9.666666666666666,-9.8,-5.4,22.272727272727273,20.40909090909091,15.113636363636363,80.0,80.0,84.6,44.0,202.8931818181818,0.6511504959431303,0.3488495040568696,67.9090909090909,18.704545454545453,10.227272727272727,20.40909090909091,30.227272727272727,,,,,,,12.0,24.454545454545453,,24.454545454545453,UNDER
PHO,2026-10-06T17:14:24.165388+00:00,official_mobile_first,0,,,,,,,,,,,,,,,,,,,,,,44.0,16.0,28.0,0.364,84.4,-3.2,,,,,
PHX,2026-10-06T17:14:24.168111+00:00,official_mobile_first,88,83.66666666666667,89.2,87.1,-7.333333333333333,2.6,-1.0,25.329545454545453,20.602272727272727,13.602272727272727,83.66666666666667,89.2,87.1,88.0,200.3488636363636,0.698976112761208,0.301023887238792,67.0909090909091,20.375,8.647727272727273,20.602272727272727,33.13636363636363,,,,,,,2.0,26.581818181818186,26.90909090909091,26.09090909090909,OVER
POR,2026-10-06T17:14:24.192435+00:00,official_mobile_first,0,,,,,,,,,,,,,,,,,,,,,,44.0,17.0,27.0,0.386,86.2,-4.8,,,,,
SEA,2026-10-06T17:14:24.195247+00:00,official_mobile_first,88,75.0,75.2,79.5,-15.333333333333334,-19.8,-10.4,24.625,20.25,13.556818181818182,75.0,75.2,79.5,88.0,200.90454545454543,0.7245307760756861,0.27546922392431394,69.375,17.386363636363637,7.965909090909091,20.25,32.40909090909091,44.0,8.0,36.0,0.182,82.2,-6.8,1.0,27.272727272727277,27.63636363636364,26.727272727272727,OVER
TOR,2026-10-06T17:14:24.220126+00:00,official_mobile_first,44,78.33333333333333,77.8,78.2,-21.0,-22.6,-16.3,23.272727272727273,19.454545454545453,14.590909090909092,78.33333333333333,77.8,78.2,44.0,200.62045454545458,0.7064084069302763,0.29359159306972366,68.1590909090909,21.0,9.431818181818182,19.454545454545453,32.06818181818182,44.0,11.0,33.0,0.25,85.7,-8.7,8.0,24.863636363636363,,24.863636363636363,
WAS,2026-10-06T17:14:24.235739+00:00,official_mobile_first,88,91.0,93.0,92.1,11.333333333333334,11.6,8.1,26.375,19.477272727272727,15.375,91.0,93.0,92.1,88.0,202.0443181818182,0.7014840354798216,0.29851596452017826,64.60227272727273,22.772727272727273,5.9772727272727275,19.477272727272727,35.36363636363637,44.0,28.0,16.0,0.636,84.0,1.3,15.0,23.93181818181818,24.977272727272727,22.363636363636363,UNDER
