PLAYER_ID,PLAYER_NAME,NICKNAME,TEAM_ID,TEAM_ABBREVIATION,AGE,GP,W,L,W_PCT,MIN,FGM,FGA,FG_PCT,FG3M,FG3A,FG3_PCT,FTM,FTA,FT_PCT,OREB,DREB,REB,AST,TOV,STL,BLK,BLKA,PF,PFD,PTS,PLUS_MINUS,NBA_FANTASY_PTS,DD2,TD3,WNBA_FANTASY_PTS,GP_RANK,W_RANK,L_RANK,W_PCT_RANK,MIN_RANK,FGM_RANK,FGA_RANK,FG_PCT_RANK,FG3M_RANK,FG3A_RANK,FG3_PCT_RANK,FTM_RANK,FTA_RANK,FT_PCT_RANK,OREB_RANK,DREB_RANK,REB_RANK,AST_RANK,TOV_RANK,STL_RANK,BLK_RANK,BLKA_RANK,PF_RANK,PFD_RANK,PTS_RANK,PLUS_MINUS_RANK,NBA_FANTASY_PTS_RANK,DD2_RANK,TD3_RANK,WNBA_FANTASY_PTS_RANK,TEAM_COUNT,FetchTimestampUTC,SourceEndpoint,SeasonFetched
1628932,A'ja Wilson,A'ja,1611661319,LVA,29.0,7,4,3,0.571,29.7,8.9,16.9,0.525,1.3,2.0,0.643,5.3,6.3,0.841,1.1,6.0,7.1,2.7,2.6,1.0,2.0,0.6,1.9,7.0,24.3,3.9,43.4,2,0,41.4,64,54,64,67,26,2,2,44,32,89,7,7,6,66,39,8,16,45,18,45,3,49,107,1,2,32,1,9,2,2,1,2026-05-30T19:51:17.099804+00:00,leaguedashplayerstats,2026
1642290,Aaliyah Edwards,Aaliyah,1611661323,CON,23.0,6,1,5,0.167,18.5,3.5,7.0,0.5,0.0,0.5,0.0,1.0,1.5,0.667,1.5,2.3,3.8,0.8,2.0,1.2,0.5,0.8,2.2,3.5,8.0,-9.5,16.9,0,0,16.0,111,152,25,174,93,59,71,53,149,156,149,96,94,124,25,77,56,136,33,29,52,26,86,31,73,190,76,24,2,73,1,2026-05-30T19:51:17.099804+00:00,leaguedashplayerstats,2026
1642801,Aaliyah Nye,Aaliyah,1611661330,ATL,23.0,5,3,2,0.6,1.2,0.0,0.2,0.0,0.0,0.0,0.0,0.0,0.0,0.0,0.0,0.0,0.0,0.2,0.0,0.0,0.0,0.0,0.0,0.0,0.0,0.4,0.3,0,0,0.2,132,84,112,62,195,182,192,182,149,176,149,168,170,168,158,180,183,178,184,164,130,149,190,178,186,85,192,24,2,192,1,2026-05-30T19:51:17.099804+00:00,leaguedashplayerstats,2026
1642786,Aicha Coulibaly,Aicha,1611661329,CHI,24.0,6,2,4,0.333,14.8,1.5,4.7,0.321,0.0,1.0,0.0,1.8,1.8,1.0,0.5,1.5,2.0,0.7,0.7,1.2,0.0,0.5,2.2,2.0,4.8,2.5,11.1,0,0,9.8,111,123,35,143,120,133,111,162,149,132,149,63,81,1,101,121,113,146,143,29,130,64,86,72,121,46,123,24,2,130,1,2026-05-30T19:51:17.099804+00:00,leaguedashplayerstats,2026
1629501,Alanna Smith,Alanna,1611661321,DAL,29.0,7,4,3,0.571,17.4,1.6,4.7,0.333,0.3,2.1,0.133,0.3,0.4,0.667,1.4,2.0,3.4,2.0,1.3,1.1,0.6,0.4,3.3,1.4,3.7,-6.0,14.7,0,0,12.9,64,54,64,67,101,131,109,150,127,88,143,157,158,124,27,87,68,59,88,35,46,80,20,101,145,177,93,24,2,105,1,2026-05-30T19:51:17.099804+00:00,leaguedashplayerstats,2026
1643525,Alex Fowler,Alex,1611661313,NYL,24.0,2,1,1,0.5,15.6,2.0,5.0,0.4,1.0,3.5,0.286,1.0,1.0,1.0,0.0,0.0,0.0,0.5,1.5,0.5,0.0,0.0,5.0,1.0,6.0,-6.0,6.8,0,0,8.5,174,152,162,105,116,104,103,118,49,47,103,96,114,1,158,180,183,159,68,110,130,149,1,123,103,177,161,24,2,141,1,2026-05-30T19:51:17.099804+00:00,leaguedashplayerstats,2026
1642775,Alex Wilson,Alex,1611661322,WAS,32.0,4,2,2,0.5,14.5,1.0,3.8,0.267,0.5,2.8,0.182,0.5,0.8,0.667,1.3,0.5,1.8,0.8,0.5,0.0,0.3,0.0,1.8,1.3,3.0,-5.0,6.5,0,0,6.5,144,123,112,105,122,153,128,173,107,66,135,137,138,124,35,167,130,141,150,164,94,149,115,114,150,168,162,24,2,158,1,2026-05-30T19:51:17.099804+00:00,leaguedashplayerstats,2026
1643644,Alicia Florez Getino,Alicia,1611661322,WAS,22.0,2,1,1,0.5,23.8,2.5,9.0,0.278,0.5,4.0,0.125,1.5,2.0,0.75,1.5,1.5,3.0,5.0,0.5,1.0,0.0,0.5,3.5,3.0,7.0,1.0,20.6,0,0,17.5,174,152,162,105,67,88,47,170,107,31,144,71,70,98,25,121,75,16,150,45,130,64,13,44,93,75,60,24,2,66,1,2026-05-30T19:51:17.099804+00:00,leaguedashplayerstats,2026
1641648,Aliyah Boston,Aliyah,1611661325,IND,24.0,6,3,3,0.5,23.8,5.3,10.3,0.516,1.0,2.7,0.375,3.8,4.7,0.821,2.0,5.5,7.5,2.7,2.0,1.3,0.7,0.3,3.2,5.7,15.5,5.3,32.5,1,0,30.7,111,84,64,105,65,23,35,48,49,69,59,19,21,80,14,14,12,46,33,20,35,94,23,8,24,22,17,15,2,19,1,2026-05-30T19:51:17.099804+00:00,leaguedashplayerstats,2026
1628277,Allisha Gray,Allisha,1611661330,ATL,31.0,7,5,2,0.714,33.5,6.9,15.4,0.444,2.3,6.4,0.356,4.4,5.3,0.838,0.6,3.6,4.1,1.3,2.0,1.1,0.6,0.9,2.1,4.4,20.4,7.6,30.5,0,0,31.6,64,8,112,28,5,8,6,86,9,7,70,15,14,68,92,35,45,99,33,35,46,23,88,16,5,7,25,24,2,14,1,2026-05-30T19:51:17.099804+00:00,leaguedashplayerstats,2026
202252,Alysha Clark,Alysha,1611661321,DAL,38.0,6,3,3,0.5,8.4,0.7,1.3,0.5,0.5,1.2,0.429,0.5,0.7,0.75,0.2,0.8,1.0,0.2,0.5,0.2,0.2,0.0,1.3,0.5,2.3,2.0,4.3,0,0,4.7,111,84,64,105,167,167,177,53,107,127,38,137,142,98,146,154,160,179,150,157,105,149,145,152,162,57,176,24,2,171,1,2026-05-30T19:51:17.099804+00:00,leaguedashplayerstats,2026
203826,Alyssa Thomas,Alyssa,1611661317,PHX,34.0,9,2,7,0.222,33.9,5.8,11.3,0.51,0.0,0.0,0.0,5.1,7.1,0.719,1.6,5.7,7.2,8.1,3.4,2.0,0.2,0.6,2.9,5.2,16.7,-0.1,40.7,3,0,36.4,1,123,8,168,4,18,25,50,149,176,149,9,2,118,24,11,15,2,6,4,99,57,38,12,17,98,3,6,2,4,1,2026-05-30T19:51:17.099804+00:00,leaguedashplayerstats,2026
1642797,Anastasiia Olairi Kosu,Anastasiia Olairi,1611661324,MIN,21.0,7,5,2,0.714,7.4,1.3,2.3,0.563,0.0,0.0,0.0,0.1,0.3,0.5,0.7,0.6,1.3,0.6,0.4,0.6,0.3,0.4,1.4,0.1,2.7,2.6,7.3,0,0,6.3,64,8,112,28,170,145,159,26,149,176,149,162,164,145,77,165,149,154,164,100,87,80,141,175,158,44,150,24,2,163,1,2026-05-30T19:51:17.099804+00:00,leaguedashplayerstats,2026
1642800,Aneesah Morrow,Aneesah,1611661323,CON,23.0,9,1,8,0.111,24.1,4.6,11.1,0.41,1.0,3.6,0.281,1.3,2.3,0.571,3.1,6.6,9.7,1.1,2.2,0.8,0.3,0.9,2.3,2.7,11.4,-10.1,25.8,6,0,25.4,1,152,1,178,62,35,29,110,49,45,107,79,63,142,4,5,4,111,26,69,75,19,74,52,46,192,39,1,2,36,1,2026-05-30T19:51:17.099804+00:00,leaguedashplayerstats,2026
1642291,Angel Reese,Angel,1611661330,ATL,24.0,7,5,2,0.714,31.2,4.4,10.9,0.408,0.0,1.1,0.0,4.3,5.9,0.732,5.4,5.6,11.0,3.3,4.3,1.1,1.0,1.6,3.3,4.3,13.1,0.4,33.4,4,0,31.7,64,8,112,28,14,38,32,113,149,128,149,16,11,114,1,13,2,35,2,35,18,3,20,18,35,84,13,3,2,12,1,2026-05-30T19:51:17.099804+00:00,leaguedashplayerstats,2026
1643455,Angela Dugalic,Angela,1611661322,WAS,24.0,7,3,4,0.429,12.5,1.9,3.6,0.52,0.3,1.3,0.222,0.3,0.7,0.4,0.6,2.4,3.0,0.7,0.4,0.9,0.4,0.1,1.4,1.1,4.3,-5.1,12.4,0,0,10.9,64,84,35,128,141,119,132,47,127,124,124,157,141,162,92,70,75,144,164,64,63,135,141,119,133,171,110,24,2,120,1,2026-05-30T19:51:17.099804+00:00,leaguedashplayerstats,2026
1630993,Anneli Maley,Anneli,1611661313,NYL,27.0,4,1,3,0.25,7.1,0.0,1.0,0.0,0.0,0.5,0.0,0.3,0.5,0.5,0.5,0.8,1.3,0.0,0.0,0.8,0.0,0.0,1.5,0.5,0.3,-0.5,4.0,0,0,3.0,144,152,64,162,174,182,179,182,149,156,149,160,152,145,101,157,151,181,184,73,130,149,133,152,185,100,177,24,2,182,2,2026-05-30T19:51:17.099804+00:00,leaguedashplayerstats,2026
1643489,Antonia Delaere,Antonia,1611661324,MIN,31.0,8,6,2,0.75,12.1,0.8,1.8,0.429,0.4,0.9,0.429,0.1,0.1,1.0,0.1,0.3,0.4,1.1,0.4,0.3,0.0,0.1,1.0,0.1,2.0,0.8,4.5,0,0,4.4,40,1,112,18,144,166,171,97,121,141,38,165,167,1,153,176,177,109,168,144,130,143,158,177,167,82,172,24,2,176,1,2026-05-30T19:51:17.099804+00:00,leaguedashplayerstats,2026
1628878,Ariel Atkins,Ariel,1611661320,LAS,29.0,5,3,2,0.6,26.2,3.2,8.2,0.39,0.8,3.8,0.211,0.8,1.0,0.8,0.8,1.6,2.4,2.4,2.2,1.6,0.2,0.6,3.4,2.4,8.0,-5.0,17.7,0,0,17.2,132,84,112,62,49,66,53,128,79,40,128,116,114,86,68,116,98,52,27,8,102,48,18,62,73,168,70,24,2,70,1,2026-05-30T19:51:17.099804+00:00,leaguedashplayerstats,2026
1629481,Arike Ogunbowale,Arike,1611661321,DAL,29.0,8,5,3,0.625,30.1,4.3,12.8,0.333,1.9,5.6,0.333,3.3,3.6,0.897,0.4,1.5,1.9,2.9,1.6,0.6,0.1,0.6,2.3,2.8,13.6,2.3,20.8,0,0,21.8,40,8,64,54,23,44,15,150,18,12,76,30,37,44,124,121,125,39,64,92,119,45,80,50,32,54,59,24,2,53,1,2026-05-30T19:51:17.099804+00:00,leaguedashplayerstats,2026
1643437,Ashlon Jackson,Ashlon,1611661323,CON,22.0,4,1,3,0.25,14.1,1.0,2.3,0.444,0.5,1.8,0.286,0.0,0.5,0.0,0.0,1.3,1.3,1.3,0.8,1.5,0.0,0.0,0.5,0.3,2.5,-8.5,9.6,0,0,8.5,144,152,64,162,124,153,160,86,107,105,103,168,152,168,158,133,151,103,132,11,130,149,176,171,160,188,136,24,2,141,1,2026-05-30T19:51:17.099804+00:00,leaguedashplayerstats,2026
1641695,Ashten Prechtel,Ashten,1611661331,GSV,25.0,1,1,0,1.0,4.8,2.0,3.0,0.667,1.0,2.0,0.5,0.0,0.0,0.0,1.0,0.0,1.0,0.0,1.0,0.0,0.0,1.0,0.0,0.0,5.0,-2.0,5.2,0,0,7.0,186,152,184,1,181,104,143,5,49,89,15,168,170,168,42,180,160,181,105,164,130,11,190,178,119,128,168,24,2,154,1,2026-05-30T19:51:17.099804+00:00,leaguedashplayerstats,2026
1642826,Aubrey Griffin,Aubrey,1611661313,NYL,24.0,4,3,1,0.75,1.9,0.3,0.3,1.0,0.0,0.0,0.0,0.0,0.0,0.0,0.0,0.3,0.3,0.0,0.3,0.0,0.0,0.0,0.3,0.3,0.5,0.3,0.6,0,0,0.8,144,84,162,18,192,178,191,1,149,176,149,168,170,168,158,176,180,181,174,164,130,149,188,171,184,90,190,24,2,189,1,2026-05-30T19:51:17.099804+00:00,leaguedashplayerstats,2026
1643443,Awa Fam,Awa,1611661328,SEA,19.0,3,1,2,0.333,20.5,3.0,7.3,0.409,0.0,1.3,0.0,1.7,2.3,0.714,1.7,2.3,4.0,0.0,1.7,0.3,0.3,0.7,3.7,2.0,7.7,-5.3,12.8,0,0,13.0,158,152,112,143,87,70,67,112,149,122,149,66,63,119,19,77,47,181,61,132,75,37,12,72,82,174,107,24,2,104,1,2026-05-30T19:51:17.099804+00:00,leaguedashplayerstats,2026
1630386,Awak Kuier,Awak,1611661321,DAL,24.0,8,5,3,0.625,13.9,2.1,3.3,0.654,0.9,1.6,0.538,1.5,2.0,0.75,0.5,2.5,3.0,0.9,0.8,0.6,0.9,0.0,0.5,1.4,6.6,7.0,15.3,0,0,14.4,40,8,64,54,128,101,140,8,72,110,13,71,70,98,101,68,75,130,132,92,31,149,176,107,98,9,85,24,2,92,1,2026-05-30T19:51:17.099804+00:00,leaguedashplayerstats,2026
1642793,Aziaha James,Aziaha,1611661321,DAL,23.0,8,5,3,0.625,10.6,1.8,5.0,0.35,0.6,1.9,0.333,1.1,1.3,0.9,0.6,1.6,2.3,1.0,0.6,1.1,0.4,0.3,1.9,1.3,5.3,-0.6,13.3,0,0,12.1,40,8,64,54,155,126,103,143,96,101,76,93,104,40,89,114,106,115,148,40,70,113,106,114,113,102,103,24,2,113,1,2026-05-30T19:51:17.099804+00:00,leaguedashplayerstats,2026
1628922,Azura Stevens,Azura,1611661329,CHI,30.0,3,0,3,0.0,16.2,2.7,8.3,0.32,0.3,3.7,0.091,1.0,1.0,1.0,0.3,1.0,1.3,2.0,1.0,0.7,0.3,1.0,1.3,0.7,6.7,-6.3,13.3,0,0,12.3,158,185,64,185,109,81,52,164,122,42,148,96,114,1,127,141,144,59,105,83,75,11,145,147,97,180,104,24,2,110,1,2026-05-30T19:51:17.099804+00:00,leaguedashplayerstats,2026
1643425,Azzi Fudd,Azzi,1611661321,DAL,23.0,7,5,2,0.714,25.8,5.1,9.0,0.571,1.9,4.0,0.464,0.4,0.6,0.75,0.4,1.0,1.4,1.3,0.7,1.1,1.0,0.1,1.7,0.4,12.6,9.9,21.9,0,0,21.4,64,8,112,28,51,26,47,23,19,31,30,147,149,98,117,141,143,99,139,35,18,135,119,161,41,4,54,24,2,54,1,2026-05-30T19:51:17.099804+00:00,leaguedashplayerstats,2026
204335,Betnijah Laney-Hamilton,Betnijah,1611661313,NYL,32.0,6,5,1,0.833,20.6,2.5,5.2,0.484,1.2,3.3,0.35,2.7,3.0,0.889,0.2,1.8,2.0,2.2,1.2,0.7,0.2,0.2,1.3,2.3,8.8,7.5,15.8,0,0,15.8,111,8,162,14,85,88,101,65,40,51,73,37,47,49,146,94,113,55,94,83,105,134,145,64,65,8,83,24,2,77,1,2026-05-30T19:51:17.099804+00:00,leaguedashplayerstats,2026
1627668,Breanna Stewart,Breanna,1611661313,NYL,31.0,9,5,4,0.556,32.6,6.3,14.3,0.442,0.6,3.0,0.185,5.6,6.2,0.893,1.3,7.2,8.6,2.4,2.7,1.2,1.1,0.9,2.7,6.3,18.8,3.0,37.0,3,0,35.0,1,8,35,87,9,10,11,90,104,59,133,5,7,45,32,4,7,50,17,26,16,19,55,4,9,39,5,6,2,5,1,2026-05-30T19:51:17.099804+00:00,leaguedashplayerstats,2026
1629488,Brianna Turner,Brianna,1611661319,LVA,29.0,6,4,2,0.667,10.8,0.3,0.5,0.667,0.0,0.0,0.0,0.3,0.3,1.0,0.8,1.8,2.7,0.3,0.5,0.5,0.7,0.0,1.0,0.3,1.0,0.0,7.7,0,0,6.3,111,54,112,46,153,175,187,5,149,176,149,151,160,1,65,94,87,165,150,110,35,149,158,165,179,92,148,24,2,160,1,2026-05-30T19:51:17.099804+00:00,leaguedashplayerstats,2026
1629524,Bridget Carleton,Bridget,1611661327,PDX,29.0,8,5,3,0.625,29.2,5.0,11.4,0.44,2.6,7.0,0.375,2.6,2.9,0.913,0.5,2.9,3.4,2.1,1.0,2.1,0.3,0.8,2.4,3.5,15.3,-0.3,28.6,0,0,28.1,40,8,64,54,28,27,24,91,7,5,59,40,51,36,101,52,70,56,105,3,94,29,73,31,26,99,31,24,2,28,1,2026-05-30T19:51:17.099804+00:00,leaguedashplayerstats,2026
203398,Brittney Griner,Brittney,1611661323,CON,35.0,3,0,3,0.0,27.3,6.0,11.3,0.529,0.0,0.7,0.0,3.0,4.0,0.75,3.0,2.7,5.7,2.0,2.0,0.7,0.7,0.3,3.0,6.3,15.0,-7.0,26.8,0,0,25.3,158,185,64,185,40,13,25,40,149,149,149,33,32,98,5,62,20,59,33,83,35,94,31,4,27,182,36,24,2,38,1,2026-05-30T19:51:17.099804+00:00,leaguedashplayerstats,2026
1628279,Brittney Sykes,Brittney,1611661332,TOR,32.0,9,5,4,0.556,31.8,5.7,14.8,0.383,1.2,4.9,0.25,7.3,8.0,0.917,1.0,2.9,3.9,4.1,2.3,1.4,0.3,0.6,2.6,5.4,19.9,-1.9,33.7,0,0,32.7,1,8,35,87,11,21,9,134,36,19,117,1,1,33,42,50,52,23,23,16,75,57,64,10,6,127,11,24,2,10,1,2026-05-30T19:51:17.099804+00:00,leaguedashplayerstats,2026
1642286,Caitlin Clark,Caitlin,1611661325,IND,24.0,6,3,3,0.5,30.6,6.8,16.7,0.41,3.0,8.7,0.346,5.8,6.0,0.972,0.2,4.2,4.3,8.5,5.2,1.3,1.0,1.5,3.5,6.7,22.5,5.3,42.3,2,0,43.0,111,84,64,105,22,9,3,110,3,1,74,3,9,30,146,24,43,1,1,20,18,5,13,2,3,22,2,9,2,1,1,2026-05-30T19:51:17.099804+00:00,leaguedashplayerstats,2026
1642287,Cameron Brink,Cameron,1611661320,LAS,24.0,7,4,3,0.571,17.5,3.6,5.7,0.625,0.7,2.0,0.357,2.4,3.3,0.739,1.6,2.4,4.0,0.9,3.1,0.7,1.6,0.7,4.1,3.7,10.3,-3.6,20.1,0,0,20.4,64,54,64,67,99,57,93,11,87,89,69,44,44,113,23,70,47,133,11,75,8,31,2,28,56,146,62,24,2,58,1,2026-05-30T19:51:17.099804+00:00,leaguedashplayerstats,2026
1642304,Carla Leite,Carla,1611661327,PDX,22.0,7,4,3,0.571,22.7,4.6,9.6,0.478,0.7,1.7,0.417,5.7,6.0,0.952,0.4,1.3,1.7,4.0,3.3,0.6,0.0,0.4,2.0,4.7,15.6,2.0,22.1,0,0,23.1,64,54,64,67,73,34,41,66,87,107,42,4,9,31,117,131,133,25,8,100,130,80,93,15,23,57,52,24,2,46,1,2026-05-30T19:51:17.099804+00:00,leaguedashplayerstats,2026
1643467,Cassandre Prosper,Cassandre,1611661322,WAS,20.0,7,3,4,0.429,19.3,1.7,5.3,0.324,0.3,1.9,0.154,0.1,0.3,0.5,0.7,0.6,1.3,1.0,1.1,0.3,0.1,0.6,4.0,1.0,3.9,-1.4,7.0,0,0,7.3,64,84,35,128,91,128,99,160,127,102,139,162,164,145,77,165,149,115,96,142,110,49,4,123,143,115,155,24,2,152,1,2026-05-30T19:51:17.099804+00:00,leaguedashplayerstats,2026
1628508,Cecilia Zandalasini,Cecilia,1611661331,GSV,30.0,3,3,0,1.0,11.3,2.7,6.0,0.444,1.7,3.3,0.5,0.3,1.0,0.333,0.0,1.0,1.0,1.7,1.0,0.3,0.0,0.7,0.7,0.3,7.3,4.0,11.0,0,0,12.3,158,84,184,1,150,81,85,86,22,51,15,151,114,163,158,141,160,78,105,132,130,37,172,165,89,31,124,24,2,110,1,2026-05-30T19:51:17.099804+00:00,leaguedashplayerstats,2026
1643462,Chance Gray,Chance,1611661320,LAS,21.0,6,3,3,0.5,10.0,0.8,2.3,0.357,0.3,1.5,0.222,0.0,0.0,0.0,0.3,0.8,1.2,0.3,0.5,0.0,0.0,0.3,1.3,0.0,2.0,-4.3,3.4,0,0,3.8,111,84,64,105,158,163,158,140,122,112,124,168,170,168,127,154,155,165,150,164,130,94,145,178,167,162,181,24,2,179,1,2026-05-30T19:51:17.099804+00:00,leaguedashplayerstats,2026
1643449,Charlisse Leger-Walker,Charlisse,1611661323,CON,24.0,9,1,8,0.111,22.6,2.8,7.2,0.385,0.9,2.7,0.333,1.7,2.6,0.652,0.2,1.7,1.9,2.7,1.4,0.7,0.0,0.4,2.4,1.8,8.1,-9.2,14.9,0,0,14.9,1,152,1,178,74,78,70,132,66,69,76,66,59,130,139,107,123,46,74,83,130,71,66,82,71,189,89,24,2,82,1,2026-05-30T19:51:17.099804+00:00,leaguedashplayerstats,2026
203833,Chelsea Gray,Chelsea,1611661319,LVA,33.0,7,4,3,0.571,30.8,4.4,9.6,0.463,2.0,4.6,0.438,0.6,0.6,1.0,0.1,3.7,3.9,6.9,3.3,0.7,1.0,0.0,1.7,0.9,11.4,2.3,28.2,1,0,27.6,64,54,64,67,19,38,41,77,12,21,36,132,149,1,150,32,55,4,8,75,18,149,119,135,48,53,32,15,2,29,1,2026-05-30T19:51:17.099804+00:00,leaguedashplayerstats,2026
1630150,Chennedy Carter,Chennedy,1611661319,LVA,27.0,7,4,3,0.571,21.8,7.6,11.7,0.646,1.3,2.3,0.563,2.7,3.7,0.731,0.9,1.7,2.6,1.9,2.1,1.4,0.3,0.4,2.9,2.3,19.1,7.0,28.0,0,0,28.3,64,54,64,67,80,4,19,9,32,80,11,34,35,115,58,103,89,70,29,17,87,80,42,68,8,9,33,24,2,27,1,2026-05-30T19:51:17.099804+00:00,leaguedashplayerstats,2026
204323,Cheyenne Parker-Tyus,Cheyenne,1611661319,LVA,33.0,6,4,2,0.667,10.7,1.8,3.3,0.55,0.2,0.5,0.333,1.0,1.2,0.857,0.8,1.5,2.3,0.5,0.7,0.3,1.0,0.3,1.5,1.3,4.8,2.3,11.7,0,0,10.5,111,54,112,46,154,123,138,33,141,156,76,96,110,58,65,121,100,159,143,132,18,94,133,109,121,52,115,24,2,125,1,2026-05-30T19:51:17.099804+00:00,leaguedashplayerstats,2026
1643430,Cotie McMahon,Cotie,1611661322,WAS,22.0,5,2,3,0.4,15.8,1.8,4.2,0.429,0.8,1.8,0.444,1.0,1.6,0.625,0.4,1.2,1.6,1.2,1.2,0.2,0.2,0.4,2.8,1.8,5.4,-7.8,9.1,0,0,9.8,132,123,64,135,115,124,116,97,79,103,34,96,86,134,122,137,137,106,92,154,102,88,45,81,112,187,141,24,2,131,1,2026-05-30T19:51:17.099804+00:00,leaguedashplayerstats,2026
1627675,Courtney Williams,Courtney,1611661324,MIN,32.0,8,6,2,0.75,30.8,7.0,14.8,0.475,1.6,4.1,0.394,0.6,0.8,0.833,0.5,4.8,5.3,4.4,1.8,1.5,0.5,0.3,2.1,1.0,16.3,5.1,33.4,0,0,31.5,40,1,112,18,18,6,10,68,25,30,55,127,138,69,101,18,26,19,58,11,52,113,90,123,20,25,14,24,2,15,1,2026-05-30T19:51:17.099804+00:00,leaguedashplayerstats,2026
203024,Damiris Dantas,Damiris,1611661325,IND,33.0,4,2,2,0.5,9.4,1.5,2.8,0.545,1.0,2.3,0.444,0.0,0.0,0.0,0.0,1.0,1.0,0.3,0.8,0.3,0.5,0.0,2.8,0.5,4.0,3.0,7.1,0,0,7.8,144,123,112,105,164,133,150,34,49,81,34,168,170,168,158,141,160,175,132,144,52,149,48,152,135,39,153,24,2,150,1,2026-05-30T19:51:17.099804+00:00,leaguedashplayerstats,2026
201886,DeWanna Bonner,DeWanna,1611661317,PHX,38.0,9,2,7,0.222,27.4,2.9,8.0,0.361,0.7,3.9,0.171,1.8,1.8,1.0,0.8,4.7,5.4,1.1,0.8,0.9,0.7,0.4,2.0,2.9,8.2,-0.8,20.3,0,0,18.6,1,123,8,168,39,72,58,139,90,36,136,65,82,1,69,19,22,111,130,61,35,71,93,48,70,106,61,24,2,63,1,2026-05-30T19:51:17.099804+00:00,leaguedashplayerstats,2026
204324,Dearica Hamby,Dearica,1611661320,LAS,32.0,7,4,3,0.571,30.7,6.0,10.3,0.583,0.6,1.6,0.364,5.3,6.7,0.787,2.1,5.9,8.0,3.6,2.0,1.6,0.0,1.1,3.4,5.6,17.9,-1.1,35.5,1,0,33.1,64,54,64,67,20,13,37,21,99,111,65,7,4,92,12,10,11,31,33,9,130,8,17,9,13,112,8,15,2,8,1,2026-05-30T19:51:17.099804+00:00,leaguedashplayerstats,2026
1641649,Diamond Miller,Diamond,1611661323,CON,25.0,9,1,8,0.111,19.9,2.2,7.6,0.294,0.8,3.0,0.259,2.7,3.2,0.828,0.4,1.7,2.1,0.8,1.3,1.0,0.1,1.1,3.1,2.7,7.9,-10.3,13.6,0,0,13.8,1,152,1,178,89,98,63,168,81,59,114,37,45,78,113,107,112,140,83,45,121,10,28,52,77,193,100,24,2,99,1,2026-05-30T19:51:17.099804+00:00,leaguedashplayerstats,2026
1642798,Dominique Malonga,Dominique,1611661328,SEA,20.0,3,1,2,0.333,26.6,6.3,13.3,0.475,0.7,1.7,0.4,2.7,5.0,0.533,1.7,5.7,7.3,0.3,2.0,1.0,2.0,1.0,2.7,3.7,16.0,0.3,32.3,0,0,30.3,158,152,112,143,46,10,14,67,90,108,48,37,17,143,19,11,13,165,33,45,3,11,55,29,21,88,18,24,2,20,1,2026-05-30T19:51:17.099804+00:00,leaguedashplayerstats,2026
1643490,Eliska Hamzova,Eliska,1611661324,MIN,24.0,3,2,1,0.667,4.1,0.0,0.7,0.0,0.0,0.3,0.0,2.0,2.7,0.75,0.7,1.7,2.3,0.7,1.3,0.0,0.0,0.3,0.3,1.7,2.0,1.0,4.5,0,0,5.0,158,123,162,46,184,182,186,182,149,165,149,51,54,98,83,107,100,146,83,164,130,94,185,88,167,75,173,24,2,168,1,2026-05-30T19:51:17.099804+00:00,leaguedashplayerstats,2026
204322,Elizabeth Williams,Elizabeth,1611661329,CHI,32.0,8,3,5,0.375,17.2,1.8,4.0,0.438,0.0,0.0,0.0,0.9,2.6,0.333,2.0,2.9,4.9,1.1,1.0,0.4,1.0,0.8,1.3,2.4,4.4,-2.4,15.0,0,0,13.1,40,84,25,139,104,126,120,93,149,176,149,112,58,163,14,52,32,109,105,129,18,29,151,63,130,136,88,24,2,103,1,2026-05-30T19:51:17.099804+00:00,leaguedashplayerstats,2026
1629581,Emese Hof,Emese,1611661324,MIN,30.0,3,1,2,0.333,6.9,1.0,2.0,0.5,0.0,0.0,0.0,0.3,0.7,0.5,0.7,1.0,1.7,0.7,1.3,0.0,0.0,0.7,2.0,0.3,2.3,-6.0,4.0,0,0,4.7,158,152,112,143,175,153,164,53,149,176,149,151,142,145,83,141,134,146,83,164,130,37,93,165,162,177,177,24,2,171,1,2026-05-30T19:51:17.099804+00:00,leaguedashplayerstats,2026
1631083,Emily Engstler,Emily,1611661327,PDX,26.0,9,5,4,0.556,22.5,3.1,6.8,0.459,1.2,3.0,0.407,1.3,1.6,0.857,0.6,2.7,3.2,1.0,2.4,1.2,2.3,0.6,2.8,1.6,8.8,-3.7,22.4,0,0,21.3,1,8,35,87,76,68,76,79,36,59,47,79,91,58,96,62,73,115,20,26,2,57,46,91,66,147,49,24,2,55,1,2026-05-30T19:51:17.099804+00:00,leaguedashplayerstats,2026
1628242,Emma Cannon,Emma,1611661320,LAS,36.0,2,1,1,0.5,1.3,0.5,0.5,1.0,0.5,0.5,1.0,0.0,0.0,0.0,0.0,0.0,0.0,0.0,1.0,0.0,0.0,0.0,1.0,0.0,1.5,1.0,0.5,0,0,2.0,174,152,162,105,193,170,187,1,107,156,1,168,170,168,158,180,183,181,105,164,130,149,158,178,174,75,191,24,2,183,1,2026-05-30T19:51:17.099804+00:00,leaguedashplayerstats,2026
1643488,Emma Cechova,Emma,1611661324,MIN,21.0,3,2,1,0.667,17.3,3.3,5.3,0.625,0.0,0.3,0.0,1.7,2.7,0.625,1.3,2.3,3.7,0.0,1.3,0.3,0.7,0.3,4.0,1.7,8.3,-3.3,14.4,0,0,14.0,158,123,162,46,103,62,96,11,149,165,149,66,54,134,32,77,61,181,83,132,35,94,4,88,68,143,94,24,2,95,1,2026-05-30T19:51:17.099804+00:00,leaguedashplayerstats,2026
204365,Erica Wheeler,Erica,1611661320,LAS,35.0,7,4,3,0.571,28.2,2.9,8.1,0.351,0.9,3.3,0.261,1.1,1.3,0.889,0.4,1.9,2.3,5.3,2.0,1.4,0.1,0.6,2.9,2.3,7.7,2.0,21.1,0,0,19.3,64,54,64,67,36,74,55,142,75,54,112,90,102,49,117,93,105,14,33,17,110,49,42,68,81,57,58,24,2,61,1,2026-05-30T19:51:17.099804+00:00,leaguedashplayerstats,2026
1643428,Flau'jae Johnson,Flau'jae,1611661328,SEA,22.0,9,3,6,0.333,26.3,3.3,10.8,0.309,1.1,4.3,0.256,3.7,4.1,0.892,0.8,3.8,4.6,1.8,1.9,0.9,1.6,0.7,2.2,3.2,11.4,-1.6,25.0,0,0,23.8,1,84,15,143,48,62,33,166,46,26,116,22,29,46,69,30,39,73,48,61,9,37,81,39,46,120,42,24,2,44,1,2026-05-30T19:51:17.099804+00:00,leaguedashplayerstats,2026
1643494,Frieda Buhner,Frieda,1611661327,PDX,22.0,6,3,3,0.5,12.3,1.5,2.7,0.563,0.5,1.5,0.333,1.0,1.0,1.0,0.5,0.8,1.3,0.2,0.8,0.0,0.0,0.3,1.2,0.8,4.5,-3.3,5.5,0,0,6.5,111,84,64,105,142,133,152,26,107,112,76,96,114,1,101,154,144,179,126,164,130,94,154,140,128,143,166,24,2,158,1,2026-05-30T19:51:17.099804+00:00,leaguedashplayerstats,2026
1628931,Gabby Williams,Gabby,1611661331,GSV,29.0,7,5,2,0.714,25.3,4.7,11.7,0.402,2.1,5.4,0.395,2.7,3.7,0.731,0.9,2.9,3.7,2.9,1.7,1.9,0.3,0.3,1.0,2.6,14.3,5.6,27.7,0,0,27.3,64,8,112,28,55,31,19,115,11,15,54,34,35,115,58,54,60,41,59,6,87,107,158,58,29,20,34,24,2,32,1,2026-05-30T19:51:17.099804+00:00,leaguedashplayerstats,2026
1643447,Gabriela Jaquez,Gabriela,1611661329,CHI,22.0,6,3,3,0.5,28.3,3.5,8.2,0.429,0.7,2.0,0.333,3.8,4.3,0.885,0.8,4.5,5.3,1.2,1.2,1.2,0.0,0.5,2.7,3.2,11.5,1.8,22.0,0,0,21.0,111,84,64,105,35,59,54,97,90,89,76,19,26,54,65,21,23,107,94,29,130,64,55,40,45,62,53,24,2,56,1,2026-05-30T19:51:17.099804+00:00,leaguedashplayerstats,2026
1642781,Georgia Amoore,Georgia,1611661322,WAS,25.0,7,3,4,0.429,23.7,1.7,6.4,0.267,1.0,4.4,0.226,1.9,2.0,0.929,0.0,1.1,1.1,4.0,2.7,0.4,0.3,0.0,3.0,1.3,6.3,-1.6,13.1,0,0,13.9,64,84,35,128,68,128,82,173,49,23,123,62,70,32,158,140,157,25,16,122,87,149,31,111,101,121,106,24,2,98,1,2026-05-30T19:51:17.099804+00:00,leaguedashplayerstats,2026
1643429,Gianna Kneepkens,Gianna,1611661323,CON,23.0,9,1,8,0.111,10.5,1.4,3.6,0.406,0.2,1.4,0.154,0.8,0.8,1.0,0.9,0.9,1.8,0.4,0.2,0.2,0.0,0.0,1.4,0.8,3.9,-3.3,7.1,0,0,6.8,1,152,1,178,156,140,134,114,136,118,139,118,137,1,54,153,129,164,176,151,130,149,138,144,140,143,152,24,2,156,1,2026-05-30T19:51:17.099804+00:00,leaguedashplayerstats,2026
1643453,Grace VanSlooten,Grace,1611661325,IND,21.0,5,2,3,0.4,9.9,1.0,1.6,0.625,0.4,0.6,0.667,1.0,1.6,0.625,0.2,1.0,1.2,0.6,0.2,0.8,0.6,0.2,0.4,1.4,3.4,-3.8,9.7,0,0,8.4,132,123,64,135,161,153,175,11,119,153,3,96,86,134,142,141,153,152,177,68,44,129,184,104,147,155,133,24,2,143,2,2026-05-30T19:51:17.099804+00:00,leaguedashplayerstats,2026
1642817,Hailey Van Lith,Hailey,1611661323,CON,24.0,9,1,8,0.111,17.5,3.3,6.8,0.492,0.9,1.9,0.471,0.6,0.7,0.833,0.1,1.0,1.1,2.2,1.2,0.6,0.3,0.3,1.7,1.6,8.1,-3.7,14.2,0,0,14.1,1,152,1,178,98,62,76,63,66,98,27,135,142,69,156,141,159,54,90,106,75,94,121,91,71,147,96,24,2,94,1,2026-05-30T19:51:17.099804+00:00,leaguedashplayerstats,2026
1641650,Haley Jones,Haley,1611661327,PDX,25.0,5,2,3,0.4,11.3,2.0,3.4,0.588,0.0,0.6,0.0,1.2,1.6,0.75,0.4,1.8,2.2,1.0,1.2,0.4,0.0,0.0,1.8,1.4,5.2,-2.0,9.3,0,0,9.2,132,123,64,135,151,104,135,18,149,153,149,88,86,98,122,96,110,115,92,126,130,149,112,104,115,128,140,24,2,134,1,2026-05-30T19:51:17.099804+00:00,leaguedashplayerstats,2026
1629566,Han Xu,an Xu,1611661313,NYL,26.0,9,5,4,0.556,13.6,2.3,4.6,0.512,0.8,2.0,0.389,0.2,0.3,0.667,0.6,1.8,2.3,0.7,0.3,0.4,0.4,0.2,1.1,0.4,5.7,1.4,11.8,0,0,11.2,1,8,35,87,133,93,112,49,81,89,57,161,160,124,96,99,100,146,170,119,58,122,156,160,108,66,114,24,2,118,1,2026-05-30T19:51:17.099804+00:00,leaguedashplayerstats,2026
1641683,Holly Winterburn,Holly,1611661327,PDX,25.0,4,2,2,0.5,12.9,1.3,3.3,0.385,0.0,1.3,0.0,0.5,0.5,1.0,0.0,1.5,1.5,3.0,1.5,0.8,0.0,0.0,1.0,1.0,3.0,-7.8,10.1,0,0,9.0,144,123,112,105,139,147,140,132,149,125,149,137,152,1,158,121,139,37,68,73,130,149,158,123,150,185,131,24,2,135,1,2026-05-30T19:51:17.099804+00:00,leaguedashplayerstats,2026
1643469,Indya Nivar,Indya,1611661330,ATL,22.0,6,4,2,0.667,4.5,0.7,1.7,0.4,0.2,0.3,0.5,0.0,1.0,0.0,0.5,1.7,2.2,0.8,0.2,0.5,0.3,0.0,0.5,0.8,1.5,1.0,7.7,0,0,6.3,111,54,112,46,183,167,173,118,141,165,15,168,114,168,101,107,111,136,180,110,75,149,176,140,174,75,149,24,2,160,1,2026-05-30T19:51:17.099804+00:00,leaguedashplayerstats,2026
1642302,Isobel Borlase,Isobel,1611661330,ATL,21.0,7,5,2,0.714,7.4,1.0,2.1,0.467,0.3,0.9,0.333,0.0,0.0,0.0,0.3,0.7,1.0,0.9,0.1,0.0,0.1,0.0,0.1,0.3,2.3,-0.6,5.1,0,0,4.7,64,8,112,28,171,153,163,71,127,142,76,168,170,168,135,159,160,133,181,164,110,149,189,170,164,101,169,24,2,170,1,2026-05-30T19:51:17.099804+00:00,leaguedashplayerstats,2026
1629498,Jackie Young,Jackie,1611661319,LVA,28.0,7,4,3,0.571,28.6,4.3,12.4,0.345,0.7,3.9,0.185,0.9,1.0,0.857,0.9,3.6,4.4,5.7,1.9,0.9,0.6,0.4,2.6,1.4,10.1,2.6,26.5,0,0,23.9,64,54,64,67,34,42,17,146,87,38,133,115,114,58,58,35,42,10,53,64,46,80,62,101,57,44,38,24,2,43,1,2026-05-30T19:51:17.099804+00:00,leaguedashplayerstats,2026
1642292,Jacy Sheldon,Jacy,1611661329,CHI,25.0,8,3,5,0.375,25.2,2.6,6.1,0.429,0.9,3.1,0.28,1.3,1.3,1.0,0.1,1.6,1.8,2.1,0.8,1.3,0.5,0.6,3.1,2.0,7.4,0.4,17.2,0,0,15.6,40,84,25,139,56,84,84,97,72,57,108,84,104,1,153,114,130,56,132,24,52,45,27,72,88,86,73,24,2,78,1,2026-05-30T19:51:17.099804+00:00,leaguedashplayerstats,2026
1631141,Jade Melbourne,Jade,1611661328,SEA,23.0,9,3,6,0.333,24.8,3.1,6.6,0.475,0.6,1.7,0.333,3.8,4.8,0.791,0.4,1.6,2.0,4.2,2.1,1.1,0.3,0.3,2.8,3.6,10.6,-4.1,21.5,0,0,20.2,1,84,15,143,58,68,79,68,104,108,76,21,20,90,113,119,113,20,30,41,75,94,46,30,55,159,56,24,2,59,1,2026-05-30T19:51:17.099804+00:00,leaguedashplayerstats,2026
1642767,Janelle Salaun,Janelle,1611661331,GSV,24.0,7,5,2,0.714,24.0,4.1,10.7,0.387,2.3,6.4,0.356,2.4,3.6,0.68,1.0,2.6,3.6,1.3,0.7,0.9,0.1,0.1,2.3,2.7,13.0,5.4,21.5,0,0,22.1,64,8,112,28,63,45,34,131,9,7,70,44,38,123,42,66,63,99,139,64,110,135,77,51,37,21,57,24,2,51,1,2026-05-30T19:51:17.099804+00:00,leaguedashplayerstats,2026
1629491,Jessica Shepard,Jessica,1611661321,DAL,29.0,8,5,3,0.625,31.8,5.3,9.3,0.568,0.0,0.6,0.0,2.5,3.5,0.714,2.9,8.5,11.4,6.5,1.4,0.4,0.0,0.4,2.9,3.9,13.0,1.6,36.2,5,2,31.6,40,8,64,54,12,24,44,25,149,152,149,42,41,119,7,1,1,5,81,129,130,89,40,24,37,65,7,2,1,13,1,2026-05-30T19:51:17.099804+00:00,leaguedashplayerstats,2026
204319,Jewell Loyd,Jewell,1611661319,LVA,32.0,7,4,3,0.571,27.3,2.6,8.0,0.321,1.6,5.7,0.275,0.6,1.1,0.5,0.0,2.6,2.6,1.6,0.9,0.6,0.4,0.3,2.4,1.3,7.3,-2.6,14.9,0,0,15.0,64,54,64,67,41,86,58,162,26,11,110,132,111,145,158,66,89,82,123,100,63,107,70,111,90,140,91,24,2,81,1,2026-05-30T19:51:17.099804+00:00,leaguedashplayerstats,2026
1630148,Jihyun Park,Jihyun,1611661320,LAS,26.0,5,3,2,0.6,6.7,0.2,1.0,0.2,0.0,0.6,0.0,0.4,0.8,0.5,0.2,0.4,0.6,0.8,0.2,0.6,0.0,0.2,1.6,0.8,0.8,0.6,4.3,0,0,3.4,132,84,112,62,177,180,179,178,149,153,149,149,134,145,142,172,175,138,177,99,130,129,129,142,181,83,174,24,2,180,1,2026-05-30T19:51:17.099804+00:00,leaguedashplayerstats,2026
1627673,Jonquel Jones,Jonquel,1611661313,NYL,32.0,9,5,4,0.556,29.0,3.9,9.9,0.393,1.2,3.9,0.314,3.7,4.1,0.892,1.9,6.6,8.4,2.7,2.1,0.8,1.0,0.9,3.1,3.3,12.7,4.1,30.0,2,0,28.6,1,8,35,87,30,52,40,126,36,36,94,22,29,46,16,5,8,46,30,69,18,19,28,37,40,28,27,9,2,26,1,2026-05-30T19:51:17.099804+00:00,leaguedashplayerstats,2026
1643527,Jordan Harrison,Jordan,1611661327,PDX,22.0,1,0,1,0.0,11.5,2.0,6.0,0.333,0.0,0.0,0.0,0.0,0.0,0.0,0.0,0.0,0.0,4.0,2.0,0.0,0.0,2.0,2.0,0.0,4.0,-13.0,8.0,0,0,8.0,186,185,162,185,148,104,85,150,149,176,149,168,170,168,158,180,183,25,33,164,130,1,93,178,135,195,146,24,2,146,1,2026-05-30T19:51:17.099804+00:00,leaguedashplayerstats,2026
1641651,Jordan Horston,Jordan,1611661328,SEA,25.0,9,3,6,0.333,18.1,1.7,4.9,0.341,0.2,1.4,0.154,0.8,0.9,0.875,0.7,2.7,3.3,1.1,1.3,1.3,0.3,0.2,1.4,0.7,4.3,0.8,13.7,0,0,12.3,1,84,15,143,97,130,108,149,136,118,139,118,127,55,83,62,71,111,83,20,75,122,138,147,131,81,99,24,2,110,1,2026-05-30T19:51:17.099804+00:00,leaguedashplayerstats,2026
1628886,Jordin Canada,Jordin,1611661330,ATL,30.0,7,5,2,0.714,29.8,4.0,8.1,0.491,0.9,2.9,0.3,2.6,3.0,0.857,0.7,3.4,4.1,6.4,2.3,2.1,0.1,0.6,2.0,3.9,11.4,2.4,30.6,1,0,27.4,64,8,112,28,25,48,55,64,75,63,98,41,47,58,77,42,45,6,25,2,110,49,93,27,48,50,23,15,2,31,1,2026-05-30T19:51:17.099804+00:00,leaguedashplayerstats,2026
1643505,Jovana Nogic,Jovana,1611661317,PHX,28.0,9,2,7,0.222,22.5,3.7,8.7,0.423,2.8,5.4,0.51,3.2,3.6,0.906,0.6,0.4,1.0,1.7,1.9,0.7,0.0,0.4,2.9,2.6,13.3,3.0,17.1,0,0,20.1,1,123,8,168,75,56,49,103,6,14,14,31,40,38,96,171,160,78,48,83,130,71,38,61,34,39,74,24,2,60,1,2026-05-30T19:51:17.099804+00:00,leaguedashplayerstats,2026
1630115,Joyner Holmes,Joyner,1611661328,SEA,28.0,1,1,0,1.0,14.7,1.0,4.0,0.25,0.0,1.0,0.0,0.0,0.0,0.0,1.0,4.0,5.0,1.0,2.0,0.0,3.0,1.0,1.0,0.0,2.0,-2.0,16.5,0,0,14.0,186,152,184,1,121,153,120,176,149,132,149,168,170,168,42,27,29,115,33,164,1,11,158,178,167,128,78,24,2,95,1,2026-05-30T19:51:17.099804+00:00,leaguedashplayerstats,2026
1627700,Julie Allemand,Julie,1611661332,TOR,29.0,4,2,2,0.5,24.3,1.5,3.8,0.4,0.5,2.3,0.222,0.5,0.5,1.0,0.0,2.8,2.8,4.0,1.5,1.8,0.0,0.0,1.0,1.5,4.0,2.5,17.1,0,0,14.8,144,123,112,105,61,133,128,118,107,81,124,137,152,1,158,59,84,25,68,7,130,149,158,96,135,46,75,24,2,84,1,2026-05-30T19:51:17.099804+00:00,leaguedashplayerstats,2026
1642210,Julie Vanloo,Julie,1611661313,NYL,33.0,5,3,2,0.6,16.2,1.8,3.4,0.529,1.4,2.8,0.5,0.8,0.8,1.0,0.2,1.8,2.0,5.4,2.4,0.4,0.0,0.0,2.2,0.8,5.8,6.4,15.1,1,0,15.4,132,84,112,62,108,124,135,40,29,65,15,116,134,1,142,96,113,13,22,126,130,149,85,142,107,15,87,15,2,79,1,2026-05-30T19:51:17.099804+00:00,leaguedashplayerstats,2026
1642794,Juste Jocyte,Juste,1611661331,GSV,20.0,2,2,0,1.0,10.4,1.5,3.0,0.5,1.0,1.5,0.667,0.0,0.0,0.0,0.0,0.0,0.0,2.0,1.5,0.0,0.5,0.0,1.5,0.5,4.0,2.5,7.0,0,0,8.0,174,123,184,1,157,133,143,53,49,112,3,168,170,168,158,180,183,59,68,164,52,149,133,152,135,46,157,24,2,146,1,2026-05-30T19:51:17.099804+00:00,leaguedashplayerstats,2026
1627674,Kahleah Copper,Kahleah,1611661317,PHX,31.0,9,2,7,0.222,34.0,5.8,17.3,0.333,1.0,6.2,0.161,5.9,7.1,0.828,0.2,2.3,2.6,2.1,3.0,0.8,0.1,1.6,2.2,6.1,18.4,-3.7,24.3,0,0,25.9,1,123,8,168,3,18,1,150,49,9,138,2,2,77,139,77,92,58,12,69,121,4,81,6,11,147,45,24,2,35,1,2026-05-30T19:51:17.099804+00:00,leaguedashplayerstats,2026
1630097,Kaila Charles,Kaila,1611661331,GSV,28.0,7,5,2,0.714,23.0,2.9,6.9,0.417,1.0,3.1,0.318,1.1,1.4,0.8,2.1,4.1,6.3,1.1,1.4,0.4,0.1,0.3,2.7,1.7,7.9,6.1,17.4,0,0,17.4,64,8,112,28,71,74,74,106,49,56,93,90,99,86,12,25,18,108,76,122,110,107,52,87,79,16,72,24,2,68,1,2026-05-30T19:51:17.099804+00:00,leaguedashplayerstats,2026
1642822,Kaitlyn Chen,Kaitlyn,1611661331,GSV,24.0,7,5,2,0.714,15.8,2.7,5.9,0.463,0.6,1.1,0.5,1.4,1.6,0.909,0.7,1.3,2.0,1.4,0.9,0.1,0.0,0.1,1.3,1.3,7.4,0.9,11.5,0,0,11.7,64,8,112,28,114,80,91,76,99,128,15,75,89,37,77,131,113,90,123,158,130,135,150,111,87,80,116,24,2,116,1,2026-05-30T19:51:17.099804+00:00,leaguedashplayerstats,2026
1630154,Kamiah Smalls,Kamiah,1611661327,PDX,28.0,2,1,1,0.5,15.1,2.5,5.0,0.5,2.0,3.5,0.571,0.5,0.5,1.0,0.0,0.0,0.0,3.0,2.0,0.0,0.0,0.0,1.0,0.0,7.5,-9.5,10.0,0,0,12.5,174,152,162,105,119,88,103,53,12,47,10,137,152,1,158,180,183,37,33,164,130,149,158,178,85,190,132,24,2,109,1,2026-05-30T19:51:17.099804+00:00,leaguedashplayerstats,2026
1642289,Kamilla Cardoso,Kamilla,1611661329,CHI,25.0,8,3,5,0.375,25.7,4.6,9.1,0.507,0.0,0.0,0.0,3.6,4.9,0.744,3.3,6.4,9.6,2.0,1.4,0.3,1.3,1.0,3.0,3.9,12.9,-3.8,30.6,4,0,27.5,40,84,25,139,52,33,45,52,149,176,149,25,18,111,3,7,5,59,81,144,12,11,31,24,39,153,24,3,2,30,1,2026-05-30T19:51:17.099804+00:00,leaguedashplayerstats,2026
1628317,Karlie Samuelson,Karlie,1611661327,PDX,31.0,3,2,1,0.667,14.5,0.3,2.7,0.125,0.0,2.3,0.0,0.0,0.0,0.0,0.3,1.0,1.3,1.0,0.3,0.7,0.3,0.0,1.0,0.7,0.7,-4.3,6.4,0,0,5.0,158,123,162,46,123,175,152,179,149,79,149,168,170,168,127,141,144,115,170,83,75,149,158,147,182,162,163,24,2,168,1,2026-05-30T19:51:17.099804+00:00,leaguedashplayerstats,2026
1642324,Kate Martin,Kate,1611661320,LAS,25.0,4,3,1,0.75,7.9,1.0,2.3,0.444,0.8,1.8,0.429,0.0,0.0,0.0,0.0,0.3,0.3,0.3,0.3,0.3,0.0,0.0,0.5,0.3,2.8,4.3,3.9,0,0,4.5,144,84,162,18,168,153,160,86,85,105,38,168,170,168,158,176,180,175,174,144,130,149,176,171,157,27,179,24,2,175,1,2026-05-30T19:51:17.099804+00:00,leaguedashplayerstats,2026
1629478,Katie Lou Samuelson,Katie Lou,1611661328,SEA,28.0,3,1,2,0.333,16.8,1.3,3.3,0.4,0.7,2.7,0.25,1.0,1.7,0.6,0.0,2.3,2.3,1.3,1.0,1.0,0.0,0.0,0.7,2.3,4.3,-3.7,11.1,0,0,10.7,158,152,112,143,105,142,138,118,90,69,117,96,85,139,158,77,100,97,105,45,130,149,172,64,131,147,122,24,2,124,1,2026-05-30T19:51:17.099804+00:00,leaguedashplayerstats,2026
203825,Kayla McBride,Kayla,1611661324,MIN,33.0,8,6,2,0.75,32.8,4.5,10.9,0.414,1.4,4.8,0.289,3.6,4.4,0.829,0.6,3.9,4.5,2.0,1.5,1.9,0.4,0.3,1.6,3.1,14.0,7.9,27.7,0,0,26.4,40,1,112,18,8,37,31,108,30,20,102,25,25,75,89,29,40,59,68,5,70,113,126,41,31,6,35,24,2,34,1,2026-05-30T19:51:17.099804+00:00,leaguedashplayerstats,2026
203866,Kayla Thornton,Kayla,1611661331,GSV,33.0,7,5,2,0.714,25.7,3.0,8.0,0.375,1.1,3.9,0.296,1.1,1.3,0.889,1.4,3.6,5.0,0.6,1.0,0.7,0.4,0.7,2.4,1.4,8.3,6.0,17.6,0,0,17.3,64,8,112,28,53,70,58,135,42,38,100,90,102,49,27,35,29,154,105,75,63,31,70,101,69,17,71,24,2,69,1,2026-05-30T19:51:17.099804+00:00,leaguedashplayerstats,2026
1628909,Kelsey Mitchell,Kelsey,1611661325,IND,30.0,7,4,3,0.571,31.0,7.6,16.6,0.457,2.0,6.0,0.333,4.0,4.9,0.824,0.6,0.3,0.9,2.3,1.6,0.4,0.0,1.3,3.1,4.3,21.1,6.4,25.3,0,0,27.1,64,54,64,67,16,4,4,80,12,10,76,17,19,79,92,175,170,53,66,122,130,6,24,18,4,14,40,24,2,33,1,2026-05-30T19:51:17.099804+00:00,leaguedashplayerstats,2026
1628276,Kelsey Plum,Kelsey,1611661320,LAS,31.0,6,3,3,0.5,35.2,9.3,15.8,0.589,3.3,6.8,0.488,4.8,5.8,0.829,0.2,1.7,1.8,6.3,3.3,1.2,0.0,0.8,3.3,4.8,26.8,-1.3,38.7,0,0,40.7,111,84,64,105,2,1,5,17,1,6,25,11,12,75,146,107,127,7,7,29,130,26,19,14,1,114,4,24,2,3,1,2026-05-30T19:51:17.099804+00:00,leaguedashplayerstats,2026
1629568,Kennedy Burke,Kennedy,1611661323,CON,29.0,9,1,8,0.111,24.4,2.6,7.7,0.333,0.8,3.3,0.233,1.0,1.6,0.643,0.8,2.8,3.6,2.4,2.3,1.1,0.9,0.4,2.1,1.4,6.9,-7.8,18.5,0,0,17.7,1,152,1,178,60,87,62,150,81,51,122,96,91,131,69,56,65,50,23,41,30,71,91,97,94,186,67,24,2,65,1,2026-05-30T19:51:17.099804+00:00,leaguedashplayerstats,2026
1628915,Kia Nurse,Kia,1611661332,TOR,30.0,9,5,4,0.556,11.9,1.3,3.9,0.343,0.9,2.9,0.308,1.2,1.3,0.917,0.2,1.2,1.4,0.6,0.3,0.3,0.0,0.2,1.1,1.0,4.8,1.1,8.0,0,0,8.3,1,8,35,87,146,142,124,147,66,62,96,85,101,33,139,134,142,156,170,132,130,122,156,123,123,73,145,24,2,144,1,2026-05-30T19:51:17.099804+00:00,leaguedashplayerstats,2026
204329,Kiah Stokes,Kiah,1611661331,GSV,33.0,7,5,2,0.714,22.0,1.6,4.0,0.393,0.3,1.1,0.25,0.4,0.9,0.5,1.0,3.7,4.7,1.7,0.4,0.7,2.0,0.6,3.1,0.7,3.9,1.7,19.8,0,0,16.0,64,8,112,28,79,131,120,127,127,128,117,147,131,145,42,32,34,75,164,75,3,49,24,146,143,64,64,24,2,73,1,2026-05-30T19:51:17.099804+00:00,leaguedashplayerstats,2026
1630461,Kiana Williams,Kiana,1611661317,PHX,27.0,8,2,6,0.25,13.1,1.5,4.1,0.364,1.1,3.1,0.36,0.6,0.6,1.0,0.0,0.4,0.4,0.5,0.8,0.5,0.1,0.3,1.3,0.4,4.8,-1.5,7.1,0,0,8.0,40,123,15,162,137,133,118,137,45,57,68,127,147,1,158,173,177,159,132,110,119,113,151,163,124,119,153,24,2,146,1,2026-05-30T19:51:17.099804+00:00,leaguedashplayerstats,2026
1631006,Kierstan Bell,Kierstan,1611661319,LVA,26.0,4,2,2,0.5,11.1,0.0,1.8,0.0,0.0,0.8,0.0,0.0,0.0,0.0,0.0,1.8,1.8,0.8,0.5,0.5,0.3,0.0,0.5,0.0,0.0,-2.0,5.0,0,0,4.0,144,123,112,105,152,182,171,182,149,146,149,168,170,168,158,102,130,141,150,110,94,149,176,178,186,128,170,24,2,177,1,2026-05-30T19:51:17.099804+00:00,leaguedashplayerstats,2026
1642792,Kiki Iriafen,Kiki,1611661322,WAS,22.0,7,3,4,0.429,27.9,5.7,10.0,0.571,0.4,1.1,0.375,3.1,4.6,0.688,2.9,7.6,10.4,1.4,1.9,0.7,0.4,0.3,3.7,4.3,15.0,1.4,31.2,3,0,29.6,64,84,35,128,37,20,39,23,118,128,59,32,23,121,8,3,3,90,53,75,63,107,11,18,27,67,19,6,2,23,1,2026-05-30T19:51:17.099804+00:00,leaguedashplayerstats,2026
1643445,Kiki Rice,Kiki,1611661332,TOR,22.0,9,5,4,0.556,27.0,4.1,7.4,0.552,1.0,2.4,0.409,3.9,4.7,0.833,1.2,3.4,4.7,2.7,1.1,1.1,0.1,0.6,3.0,3.1,13.1,4.1,25.3,0,0,23.9,1,8,35,87,42,46,65,31,49,75,46,18,21,69,36,41,35,46,100,41,121,57,31,42,36,28,41,24,2,42,1,2026-05-30T19:51:17.099804+00:00,leaguedashplayerstats,2026
1642768,Kyara Linskens,Kyara,1611661317,PHX,29.0,8,2,6,0.25,9.9,1.3,2.9,0.435,0.5,1.5,0.333,0.9,1.1,0.778,0.9,1.5,2.4,0.6,0.5,0.6,0.8,0.0,1.5,0.6,3.9,-1.1,11.3,0,0,10.1,40,123,15,162,160,147,147,94,107,112,76,112,113,93,56,121,99,151,150,92,33,149,133,150,142,111,121,24,2,127,1,2026-05-30T19:51:17.099804+00:00,leaguedashplayerstats,2026
1641656,Laeticia Amihere,Laeticia,1611661331,GSV,24.0,7,5,2,0.714,15.4,2.0,4.0,0.5,0.0,0.1,0.0,1.4,2.9,0.5,1.9,2.7,4.6,1.7,1.0,0.3,1.1,1.0,2.3,3.4,5.4,6.7,16.8,0,0,14.6,64,8,112,28,118,104,120,53,149,174,149,75,52,145,17,61,36,75,105,142,13,11,77,34,111,13,77,24,2,88,1,2026-05-30T19:51:17.099804+00:00,leaguedashplayerstats,2026
1643420,Laura Juskaite,Laura,1611661332,TOR,28.0,9,5,4,0.556,20.6,2.7,5.3,0.5,1.2,2.7,0.458,1.3,1.6,0.857,0.8,2.8,3.6,1.2,1.4,1.0,0.1,0.4,4.1,1.6,7.9,4.4,15.9,0,0,16.1,1,8,35,87,86,81,96,53,36,69,31,79,91,58,69,56,65,105,74,45,121,71,3,91,77,26,82,24,2,72,1,2026-05-30T19:51:17.099804+00:00,leaguedashplayerstats,2026
1643427,Lauren Betts,Lauren,1611661322,WAS,22.0,7,3,4,0.429,13.4,1.9,4.1,0.448,0.0,0.0,0.0,1.4,1.9,0.769,1.0,1.7,2.7,0.3,0.4,0.0,0.4,0.3,1.4,1.9,5.1,-4.9,9.7,0,0,9.0,64,84,35,128,135,119,117,84,149,176,149,75,79,95,42,103,85,173,164,164,63,107,141,79,117,167,135,24,2,135,1,2026-05-30T19:51:17.099804+00:00,leaguedashplayerstats,2026
1630142,Leonie Fiebich,Leonie,1611661313,NYL,26.0,2,2,0,1.0,31.2,2.0,5.0,0.4,1.0,2.5,0.4,1.0,1.0,1.0,0.5,0.5,1.0,1.0,3.5,1.5,0.0,0.0,2.0,3.0,6.0,3.5,9.7,0,0,12.0,174,123,184,1,15,104,103,118,49,74,48,96,114,1,101,167,160,115,5,11,130,149,93,44,103,35,134,24,2,114,1,2026-05-30T19:51:17.099804+00:00,leaguedashplayerstats,2026
1631118,Lexi Held,Lexi,1611661332,TOR,26.0,8,4,4,0.5,7.5,0.4,1.3,0.3,0.3,0.5,0.5,0.1,0.1,1.0,0.4,0.4,0.8,0.9,0.5,0.1,0.0,0.1,0.9,0.4,1.1,0.4,3.2,0,0,3.3,40,54,35,105,169,174,178,167,133,156,15,165,167,1,124,173,172,130,150,162,130,143,170,163,178,86,182,24,2,181,1,2026-05-30T19:51:17.099804+00:00,leaguedashplayerstats,2026
1628882,Lexie Brown,Lexie,1611661328,SEA,31.0,9,3,6,0.333,15.9,1.3,2.9,0.462,1.0,2.2,0.45,0.6,0.7,0.833,0.1,1.2,1.3,1.1,1.1,0.4,0.1,0.1,1.4,1.1,4.2,-4.2,8.0,0,0,8.8,1,84,15,143,111,142,146,78,49,84,33,135,142,69,156,134,144,111,100,119,121,145,138,120,134,161,144,24,2,139,1,2026-05-30T19:51:17.099804+00:00,leaguedashplayerstats,2026
1631086,Lexie Hull,Lexie,1611661325,IND,26.0,7,4,3,0.571,20.1,2.0,4.7,0.424,1.3,2.7,0.474,1.4,2.1,0.667,0.4,3.6,4.0,0.9,1.0,0.7,0.1,0.4,3.3,2.1,6.7,6.9,14.4,0,0,14.6,64,54,64,67,88,104,109,102,32,68,26,75,69,124,117,35,47,133,105,75,110,80,20,70,95,12,95,24,2,88,1,2026-05-30T19:51:17.099804+00:00,leaguedashplayerstats,2026
1629574,Li Yueru,Li,1611661321,DAL,27.0,5,4,1,0.8,7.4,0.2,1.8,0.111,0.2,1.0,0.2,1.6,2.4,0.667,1.4,1.4,2.8,0.6,0.2,0.2,0.0,0.2,0.6,2.0,2.2,2.8,6.9,0,0,6.2,132,54,162,16,172,180,169,181,139,132,129,69,61,124,30,128,82,152,177,154,130,129,174,72,165,43,159,24,2,164,1,2026-05-30T19:51:17.099804+00:00,leaguedashplayerstats,2026
1642820,Liatu King,Liatu,1611661324,MIN,24.0,4,4,0,1.0,12.0,1.3,2.8,0.455,0.5,1.3,0.4,0.5,1.5,0.333,1.0,2.8,3.8,0.0,1.0,0.5,1.0,0.3,1.8,0.8,3.5,0.3,11.5,0,0,10.8,144,54,184,1,145,147,150,81,107,125,48,137,94,163,42,59,58,181,105,110,18,113,115,145,146,90,117,24,2,121,1,2026-05-30T19:51:17.099804+00:00,leaguedashplayerstats,2026
1642802,Lucy Olsen,Lucy,1611661322,WAS,23.0,4,1,3,0.25,7.3,1.3,2.3,0.556,0.3,0.8,0.333,0.5,0.5,1.0,0.0,0.5,0.5,1.5,0.5,0.0,0.0,0.0,0.8,0.5,3.3,-1.3,5.6,0,0,5.5,144,152,64,162,173,147,160,29,133,146,76,137,152,1,158,167,176,86,150,164,130,149,171,152,149,113,165,24,2,166,1,2026-05-30T19:51:17.099804+00:00,leaguedashplayerstats,2026
1630143,Luisa Geiselsoder,Luisa,1611661327,PDX,26.0,9,5,4,0.556,22.4,2.1,6.8,0.311,0.9,3.4,0.258,0.9,1.0,0.889,0.4,3.0,3.4,1.9,1.1,0.7,0.4,0.3,3.1,1.6,6.0,1.3,15.2,0,0,14.4,1,8,35,87,77,102,76,165,66,49,115,110,114,49,113,48,67,69,100,83,58,94,28,91,103,68,86,24,2,90,1,2026-05-30T19:51:17.099804+00:00,leaguedashplayerstats,2026
1642307,Mackenzie Holmes,Mackenzie,1611661328,SEA,25.0,9,3,6,0.333,15.8,1.9,3.2,0.586,0.4,0.7,0.667,1.0,1.2,0.818,1.7,3.6,5.2,0.7,0.9,1.0,0.4,0.2,2.7,1.8,5.2,-4.4,15.9,0,0,14.4,1,84,15,143,112,116,142,20,116,149,3,96,107,81,19,39,27,146,121,45,58,122,55,82,114,164,81,24,2,90,1,2026-05-30T19:51:17.099804+00:00,leaguedashplayerstats,2026
1641652,Maddy Siegrist,Maddy,1611661321,DAL,26.0,8,5,3,0.625,13.5,2.6,5.9,0.447,0.8,2.0,0.375,0.4,0.4,1.0,0.5,2.1,2.6,0.8,0.1,0.3,0.4,0.4,1.5,0.3,6.4,3.5,12.4,0,0,11.8,40,8,64,54,134,84,90,85,85,89,59,150,159,1,101,84,88,141,183,144,70,89,133,171,99,35,109,24,2,115,1,2026-05-30T19:51:17.099804+00:00,leaguedashplayerstats,2026
1643431,Madina Okot,Madina,1611661330,ATL,21.0,7,5,2,0.714,8.8,2.0,3.6,0.56,0.0,0.4,0.0,0.7,1.1,0.625,0.9,3.1,4.0,0.3,1.7,0.1,0.3,0.6,1.4,0.9,4.7,2.0,9.5,1,0,9.9,64,8,112,28,166,104,132,28,149,161,149,123,111,134,58,45,47,173,59,158,87,49,141,135,125,57,138,15,2,129,1,2026-05-30T19:51:17.099804+00:00,leaguedashplayerstats,2026
1642815,Makayla Timpson,Makayla,1611661325,IND,23.0,7,4,3,0.571,13.8,1.9,3.0,0.619,0.0,0.0,0.0,0.3,0.9,0.333,1.4,2.1,3.6,0.7,0.1,0.4,0.1,0.7,1.6,0.9,4.0,1.3,10.9,0,0,9.4,64,54,64,67,130,119,143,14,149,176,149,157,131,163,27,83,63,144,181,122,110,31,130,135,135,69,125,24,2,133,1,2026-05-30T19:51:17.099804+00:00,leaguedashplayerstats,2026
1629576,Maria Conde,Maria,1611661332,TOR,29.0,9,5,4,0.556,23.3,2.4,7.6,0.324,1.7,4.6,0.366,0.9,1.0,0.889,1.1,2.8,3.9,1.0,1.1,0.2,0.1,0.4,2.2,1.1,7.4,-0.7,13.5,0,0,14.7,1,8,35,87,70,91,63,161,22,22,64,110,114,49,40,56,52,115,100,151,121,71,81,120,86,104,101,24,2,85,1,2026-05-30T19:51:17.099804+00:00,leaguedashplayerstats,2026
1630108,Mariella Fasoula,Mariella,1611661332,TOR,28.0,3,0,3,0.0,5.1,0.7,1.7,0.4,0.0,0.0,0.0,0.0,0.0,0.0,0.3,0.7,1.0,0.3,0.7,0.3,0.7,0.3,1.7,0.3,1.3,-0.7,5.4,0,0,4.7,158,185,64,185,180,167,173,118,149,176,149,168,170,168,127,161,160,165,143,132,35,94,121,165,176,104,167,24,2,171,1,2026-05-30T19:51:17.099804+00:00,leaguedashplayerstats,2026
1629497,Marina Mabrey,Marina,1611661332,TOR,29.0,9,5,4,0.556,26.9,6.0,14.2,0.422,3.0,8.4,0.355,3.7,4.1,0.892,0.8,3.1,3.9,3.6,2.9,1.2,0.3,0.2,2.7,4.2,18.7,-3.1,30.4,0,0,32.2,1,8,35,87,44,13,12,104,3,2,72,22,29,46,69,46,52,32,14,26,75,122,55,21,10,141,26,24,2,11,1,2026-05-30T19:51:17.099804+00:00,leaguedashplayerstats,2026
1629546,Marine Johannes,Marine,1611661313,NYL,31.0,9,5,4,0.556,27.8,4.0,9.1,0.439,3.2,7.4,0.433,0.7,0.9,0.75,0.8,2.1,2.9,4.2,2.1,1.3,0.1,0.2,2.1,1.2,11.9,4.1,23.9,0,0,25.1,1,8,35,87,38,48,46,92,2,4,37,126,127,98,69,86,81,20,30,20,121,122,91,117,43,28,46,24,2,39,1,2026-05-30T19:51:17.099804+00:00,leaguedashplayerstats,2026
1643438,Marta Suarez,Marta,1611661317,PHX,24.0,2,0,2,0.0,9.6,1.0,2.0,0.5,1.0,2.0,0.5,0.0,0.0,0.0,0.0,2.0,2.0,0.0,0.0,0.5,0.0,0.0,3.0,0.0,3.0,-7.5,6.9,0,0,7.0,174,185,112,185,162,153,164,53,49,89,15,168,170,168,158,87,113,181,184,110,130,149,31,178,150,184,158,24,2,154,1,2026-05-30T19:51:17.099804+00:00,leaguedashplayerstats,2026
1630471,Maya Caldwell,Maya,1611661324,MIN,27.0,8,6,2,0.75,13.7,1.5,4.1,0.364,0.9,2.4,0.368,0.6,0.6,1.0,0.5,1.5,2.0,1.4,0.5,0.6,0.4,0.3,1.3,1.3,4.5,3.0,11.5,0,0,10.8,40,1,112,18,131,133,118,137,72,78,63,127,147,1,101,121,113,95,150,92,70,113,151,114,128,39,119,24,2,121,1,2026-05-30T19:51:17.099804+00:00,leaguedashplayerstats,2026
1629484,Megan Gustafson,Megan,1611661327,PDX,29.0,9,5,4,0.556,15.8,3.6,6.0,0.593,0.9,2.4,0.364,1.1,1.4,0.769,0.8,2.2,3.0,0.6,0.4,0.1,0.4,0.1,2.4,1.6,9.1,-4.0,14.8,0,0,14.7,1,8,35,87,113,58,85,16,66,75,65,95,97,95,69,82,75,156,162,163,58,145,66,91,63,156,92,24,2,85,1,2026-05-30T19:51:17.099804+00:00,leaguedashplayerstats,2026
1630446,Michaela Onyenwere,Michaela,1611661322,WAS,26.0,3,1,2,0.333,21.1,2.3,6.0,0.389,1.3,4.0,0.333,2.0,3.3,0.6,1.7,0.0,1.7,1.7,2.0,0.3,0.0,0.7,3.0,2.0,8.0,3.3,11.5,0,0,13.3,158,152,112,143,81,93,85,129,31,31,76,51,42,139,19,180,134,78,33,132,130,37,31,72,73,38,117,24,2,101,1,2026-05-30T19:51:17.099804+00:00,leaguedashplayerstats,2026
1631039,Miela Sowah,Miela,1611661331,GSV,25.0,2,2,0,1.0,2.9,0.0,1.0,0.0,0.0,1.0,0.0,0.0,0.0,0.0,0.0,0.0,0.0,0.0,0.0,0.0,0.0,0.0,0.5,0.0,0.0,-5.0,0.0,0,0,0.0,174,123,184,1,190,182,179,182,149,132,149,168,170,168,158,180,183,181,184,164,130,149,176,178,186,168,193,24,2,193,1,2026-05-30T19:51:17.099804+00:00,leaguedashplayerstats,2026
1642777,Monique Akoa Makani,Monique,1611661317,PHX,25.0,2,0,2,0.0,24.0,3.5,6.5,0.538,2.5,4.0,0.625,1.5,2.0,0.75,0.0,2.5,2.5,3.5,1.5,1.5,0.0,0.5,4.0,2.0,11.0,0.0,22.3,0,0,22.5,174,185,112,185,64,59,80,37,8,31,8,71,70,98,158,68,93,34,68,11,130,64,4,72,51,92,50,24,2,49,1,2026-05-30T19:51:17.099804+00:00,leaguedashplayerstats,2026
1628881,Monique Billings,Monique,1611661325,IND,30.0,6,4,2,0.667,22.1,2.0,5.2,0.387,0.3,1.0,0.333,2.0,2.5,0.8,2.2,3.5,5.7,1.5,1.0,1.2,0.7,0.5,2.0,2.7,6.3,-1.0,19.9,0,0,17.5,111,54,112,46,78,104,101,130,122,132,76,51,60,86,11,40,20,86,105,29,35,64,93,52,100,108,63,24,2,66,1,2026-05-30T19:51:17.099804+00:00,leaguedashplayerstats,2026
1628899,Myisha Hines-Allen,Myisha,1611661325,IND,31.0,7,4,3,0.571,18.3,1.9,3.7,0.5,0.0,0.4,0.0,1.0,1.0,1.0,0.7,2.4,3.1,2.9,1.4,0.9,0.6,0.4,2.3,1.0,4.7,3.4,15.6,0,0,13.6,64,54,64,67,94,119,131,53,149,161,149,96,114,1,77,70,74,41,76,64,46,80,77,123,125,37,84,24,2,100,1,2026-05-30T19:51:17.099804+00:00,leaguedashplayerstats,2026
1631019,NaLyssa Smith,NaLyssa,1611661319,LVA,25.0,7,4,3,0.571,21.0,4.4,6.3,0.705,0.1,0.4,0.333,2.0,4.0,0.5,2.7,4.1,6.9,1.0,0.9,0.6,1.0,0.7,3.1,4.1,11.0,1.3,24.6,0,0,22.1,64,54,64,67,83,38,83,3,145,161,76,51,32,145,9,25,17,115,123,100,18,31,24,22,51,69,43,24,2,51,1,2026-05-30T19:51:17.099804+00:00,leaguedashplayerstats,2026
204333,Natasha Cloud,Natasha,1611661329,CHI,34.0,7,2,5,0.286,28.9,3.9,8.1,0.474,0.9,3.3,0.261,2.3,3.1,0.727,0.3,4.3,4.6,4.4,2.9,1.0,0.4,0.1,4.0,2.6,10.9,-5.1,24.4,0,0,23.6,64,123,25,160,31,54,55,70,75,54,112,48,46,117,135,23,36,18,15,45,63,135,4,58,54,171,44,24,2,45,1,2026-05-30T19:51:17.099804+00:00,leaguedashplayerstats,2026
203827,Natasha Howard,Natasha,1611661324,MIN,34.0,8,6,2,0.75,28.7,7.6,11.6,0.656,0.0,0.4,0.0,2.0,3.9,0.516,3.6,4.5,8.1,3.9,4.1,1.3,0.8,0.6,4.0,5.3,17.3,11.1,34.7,2,0,33.3,40,1,112,18,33,3,22,7,149,164,149,51,34,144,2,21,10,29,3,24,33,45,4,11,15,1,10,9,2,7,1,2026-05-30T19:51:17.099804+00:00,leaguedashplayerstats,2026
1630442,Natasha Mack,Natasha,1611661317,PHX,28.0,9,2,7,0.222,25.5,4.1,5.9,0.698,0.1,0.2,0.5,1.4,1.8,0.813,2.9,5.3,8.2,1.3,0.9,1.1,1.6,0.4,2.7,1.4,9.8,2.4,28.8,2,0,24.8,1,123,8,168,54,46,89,4,148,173,15,74,82,85,6,15,9,97,121,41,9,71,55,97,60,49,29,9,2,41,1,2026-05-30T19:51:17.099804+00:00,leaguedashplayerstats,2026
1629567,Natisha Hiedeman,Natisha,1611661328,SEA,29.0,9,3,6,0.333,26.3,4.9,11.3,0.431,1.8,5.2,0.34,2.0,2.2,0.9,0.0,1.9,1.9,4.1,1.9,0.6,0.1,0.6,2.4,1.7,13.6,-2.2,22.1,0,0,22.7,1,84,15,143,47,30,25,96,21,17,75,51,66,40,158,92,123,23,48,106,121,57,66,88,33,135,51,24,2,48,1,2026-05-30T19:51:17.099804+00:00,leaguedashplayerstats,2026
1631044,Naz Hillmon,Naz,1611661330,ATL,26.0,7,5,2,0.714,32.2,3.7,8.6,0.433,0.6,4.0,0.143,0.7,1.4,0.5,1.9,3.4,5.3,1.4,1.4,1.0,0.0,1.1,1.9,2.1,8.7,5.9,18.8,0,0,18.0,64,8,112,28,10,55,51,95,99,31,142,123,99,145,17,42,24,90,76,45,130,8,107,70,67,19,66,24,2,64,1,2026-05-30T19:51:17.099804+00:00,leaguedashplayerstats,2026
1643479,Ndjakalenga Mwenentanda,Ndjakalenga,1611661331,GSV,22.0,3,3,0,1.0,2.7,0.0,0.3,0.0,0.0,0.3,0.0,0.0,0.0,0.0,0.3,0.0,0.3,0.3,0.0,0.0,0.0,0.0,0.3,0.0,0.0,-1.7,0.9,0,0,0.7,158,84,184,1,191,182,190,182,149,165,149,168,170,168,127,180,179,165,184,164,130,149,185,178,186,123,187,24,2,190,1,2026-05-30T19:51:17.099804+00:00,leaguedashplayerstats,2026
1643448,Nell Angloma,Nell,1611661323,CON,19.0,6,1,5,0.167,13.0,2.0,3.8,0.522,0.2,0.3,0.5,1.0,2.0,0.5,0.7,1.3,2.0,0.3,0.7,0.5,0.2,0.7,2.3,1.2,5.2,0.0,9.4,0,0,9.0,111,152,25,174,138,104,126,46,141,165,15,96,70,145,83,129,113,165,143,110,105,37,74,118,116,92,139,24,2,135,1,2026-05-30T19:51:17.099804+00:00,leaguedashplayerstats,2026
1628269,Nia Coffey,Nia,1611661324,MIN,30.0,8,6,2,0.75,26.7,4.0,7.3,0.552,2.0,4.3,0.471,0.1,0.1,1.0,0.6,5.3,5.9,1.4,1.1,0.6,1.1,0.4,2.9,1.0,10.1,7.0,23.4,1,0,22.9,40,1,112,18,45,48,69,32,12,28,27,165,167,1,89,16,19,95,99,92,15,89,40,123,58,9,47,15,2,47,1,2026-05-30T19:51:17.099804+00:00,leaguedashplayerstats,2026
1631263,Nikolina Milic,Nikolina,1611661332,TOR,32.0,6,3,3,0.5,9.2,1.2,2.5,0.467,0.0,0.3,0.0,0.5,0.7,0.75,0.3,1.2,1.5,0.3,0.8,0.0,0.0,0.3,1.2,0.5,2.8,-3.7,4.3,0,0,4.7,111,84,64,105,165,151,154,71,149,165,149,137,142,98,127,139,139,165,126,164,130,94,154,152,156,147,175,24,2,171,1,2026-05-30T19:51:17.099804+00:00,leaguedashplayerstats,2026
203014,Nneka Ogwumike,Nneka,1611661320,LAS,35.0,6,3,3,0.5,31.8,6.2,11.5,0.536,1.7,2.8,0.588,2.3,3.0,0.778,1.3,6.0,7.3,2.0,1.8,1.2,0.3,0.5,2.0,3.3,16.3,-1.8,30.8,2,0,30.3,111,84,64,105,13,12,23,38,22,64,9,46,47,93,32,8,13,59,56,29,75,64,93,37,19,125,21,9,2,20,1,2026-05-30T19:51:17.099804+00:00,leaguedashplayerstats,2026
1643493,Noemie Brochant,Noemie,1611661317,PHX,26.0,9,2,7,0.222,18.7,1.4,3.9,0.371,0.7,2.2,0.3,0.3,0.3,1.0,0.6,1.8,2.3,0.6,0.4,0.6,0.4,0.0,1.6,1.1,3.9,-1.4,10.1,0,0,9.4,1,123,8,168,92,140,124,136,90,84,98,151,160,1,96,99,100,156,162,106,58,149,132,120,140,117,130,24,2,132,1,2026-05-30T19:51:17.099804+00:00,leaguedashplayerstats,2026
1642296,Nyadiew Puoch,Nyadiew,1611661327,PDX,21.0,9,5,4,0.556,21.1,1.9,5.3,0.354,0.4,2.2,0.2,0.4,0.9,0.5,1.0,1.0,2.0,0.9,1.1,1.0,0.1,0.4,2.4,1.3,4.7,-3.7,10.6,0,0,10.2,1,8,35,87,82,116,96,141,116,84,129,145,127,145,42,141,113,129,100,45,121,71,66,109,127,147,126,24,2,126,1,2026-05-30T19:51:17.099804+00:00,leaguedashplayerstats,2026
1631055,Nyara Sabally,Nyara,1611661332,TOR,26.0,7,4,3,0.571,25.1,4.3,7.3,0.588,0.6,1.4,0.4,2.7,3.6,0.76,2.4,2.9,5.3,1.7,1.1,1.6,1.4,0.7,2.4,3.4,11.9,2.1,28.6,0,0,25.4,64,54,64,67,57,42,68,18,99,121,48,34,38,97,10,54,24,75,96,9,11,31,70,34,44,55,30,24,2,37,1,2026-05-30T19:51:17.099804+00:00,leaguedashplayerstats,2026
203824,Odyssey Sims,Odyssey,1611661321,DAL,33.0,8,5,3,0.625,18.1,2.8,5.3,0.524,0.6,1.5,0.417,1.1,1.3,0.9,0.0,0.8,0.8,2.9,1.6,0.9,0.0,0.4,1.6,1.8,7.3,-2.1,13.5,0,0,13.3,40,8,64,54,96,79,100,45,96,112,42,93,104,40,158,157,172,39,64,63,130,89,126,84,91,133,102,24,2,102,1,2026-05-30T19:51:17.099804+00:00,leaguedashplayerstats,2026
1643426,Olivia Miles,Olivia,1611661324,MIN,23.0,8,6,2,0.75,30.9,5.3,11.3,0.467,0.3,2.3,0.111,4.6,5.1,0.902,0.5,4.6,5.1,5.9,3.3,1.5,0.6,0.9,2.8,4.9,15.4,10.8,33.5,0,0,30.9,40,1,112,18,17,24,28,71,133,81,146,12,16,39,101,20,28,8,10,11,43,22,48,13,25,3,12,24,2,17,1,2026-05-30T19:51:17.099804+00:00,leaguedashplayerstats,2026
1631135,Olivia Nelson-Ododa,Olivia,1611661323,CON,25.0,5,0,5,0.0,16.6,2.2,3.8,0.579,0.0,0.0,0.0,1.8,2.8,0.643,1.0,1.8,2.8,3.2,1.0,1.0,0.6,0.2,3.0,2.8,6.2,-6.8,18.2,0,0,15.4,132,185,25,185,107,100,127,22,149,176,149,64,53,131,42,96,82,36,105,45,44,129,31,49,102,181,69,24,2,79,1,2026-05-30T19:51:17.099804+00:00,leaguedashplayerstats,2026
1642784,Paige Bueckers,Paige,1611661321,DAL,24.0,8,5,3,0.625,33.3,7.0,13.8,0.509,2.0,4.4,0.457,3.4,4.3,0.794,0.4,2.6,3.0,5.1,1.9,0.4,0.4,0.5,2.8,3.9,19.4,2.4,31.0,0,0,31.0,40,8,64,54,7,6,13,51,12,25,32,28,27,89,124,65,75,15,52,129,70,64,48,24,7,51,20,24,2,16,1,2026-05-30T19:51:17.099804+00:00,leaguedashplayerstats,2026
1631136,Pauline Astier,Pauline,1611661313,NYL,24.0,9,5,4,0.556,26.2,4.6,7.4,0.612,0.9,1.9,0.471,2.0,2.7,0.75,0.8,2.9,3.7,3.6,1.8,0.8,0.3,0.4,3.4,4.0,12.0,-0.9,23.3,0,0,22.3,1,8,35,87,50,35,65,15,66,98,27,51,54,98,69,50,61,32,57,69,75,71,15,23,42,107,48,24,2,50,1,2026-05-30T19:51:17.099804+00:00,leaguedashplayerstats,2026
1630138,Peyton Williams,Peyton,1611661317,PHX,28.0,1,1,0,1.0,5.8,0.0,1.0,0.0,0.0,0.0,0.0,0.0,0.0,0.0,0.0,0.0,0.0,2.0,0.0,0.0,1.0,1.0,0.0,0.0,0.0,-1.0,6.0,0,0,4.0,186,152,184,1,179,182,179,182,149,176,149,168,170,168,158,180,183,59,184,164,18,11,190,178,186,108,164,24,2,177,1,2026-05-30T19:51:17.099804+00:00,leaguedashplayerstats,2026
1643487,Quionche Carter,Quionche,1611661317,PHX,25.0,3,1,2,0.333,6.1,0.3,1.0,0.333,0.0,0.7,0.0,0.0,0.0,0.0,0.0,0.7,0.7,0.3,0.0,0.0,0.0,0.0,0.3,0.0,0.7,-5.7,2.0,0,0,1.7,158,152,112,143,178,175,179,150,149,149,149,168,170,168,158,161,174,165,184,164,130,149,185,178,182,175,184,24,2,186,1,2026-05-30T19:51:17.099804+00:00,leaguedashplayerstats,2026
1627671,Rachel Banham,Rachel,1611661329,CHI,32.0,8,3,5,0.375,16.6,1.9,5.8,0.326,1.3,4.3,0.294,0.6,0.8,0.833,0.1,1.0,1.1,1.0,1.0,0.3,0.3,0.0,1.6,0.5,5.6,-1.9,9.0,0,0,10.0,40,84,25,139,106,118,92,159,35,28,101,127,138,69,153,141,158,115,105,144,94,149,126,152,110,126,142,24,2,128,1,2026-05-30T19:51:17.099804+00:00,leaguedashplayerstats,2026
1630996,Rae Burrell,Rae,1611661320,LAS,25.0,7,4,3,0.571,27.0,2.9,6.9,0.417,1.0,3.6,0.28,1.3,1.6,0.818,0.7,1.7,2.4,1.6,1.9,0.6,0.0,0.4,2.7,1.9,8.0,-4.1,13.1,0,0,14.1,64,54,64,67,43,74,74,106,49,43,108,83,89,81,77,103,96,82,53,100,130,80,52,79,73,160,105,24,2,93,1,2026-05-30T19:51:17.099804+00:00,leaguedashplayerstats,2026
1643441,Raegan Beers,Raegan,1611661323,CON,22.0,8,1,7,0.125,13.7,2.0,3.8,0.533,0.1,0.3,0.5,0.8,1.5,0.5,1.4,2.4,3.8,0.9,0.8,0.6,0.0,0.4,2.6,1.4,4.9,0.0,11.8,0,0,10.9,40,152,8,177,132,104,128,39,147,171,15,121,94,145,31,76,58,130,132,92,130,89,61,107,120,92,113,24,2,119,1,2026-05-30T19:51:17.099804+00:00,leaguedashplayerstats,2026
1630384,Raquel Carrera,Raquel,1611661313,NYL,24.0,2,1,1,0.5,1.3,0.0,0.0,0.0,0.0,0.0,0.0,0.0,0.0,0.0,0.0,0.0,0.0,0.5,0.0,0.0,0.0,0.0,0.5,0.0,0.0,-2.5,0.8,0,0,0.5,174,152,162,105,193,182,193,182,149,176,149,168,170,168,158,180,183,159,184,164,130,149,176,178,186,137,189,24,2,191,1,2026-05-30T19:51:17.099804+00:00,leaguedashplayerstats,2026
1643433,Raven Johnson,Raven,1611661325,IND,23.0,7,4,3,0.571,13.8,2.0,4.3,0.467,0.6,2.0,0.286,0.6,0.6,1.0,0.4,2.0,2.4,1.4,1.4,0.1,0.4,0.1,1.9,0.4,5.1,-1.4,10.5,0,0,10.7,64,54,64,67,129,104,114,71,99,89,103,132,149,1,117,87,96,90,76,158,63,135,107,161,117,115,127,24,2,123,1,2026-05-30T19:51:17.099804+00:00,leaguedashplayerstats,2026
204296,Rebecca Allen,Rebecca,1611661313,NYL,33.0,5,3,2,0.6,14.0,0.4,3.4,0.118,0.4,2.4,0.167,1.2,1.2,1.0,0.2,1.6,1.8,0.8,0.8,0.4,0.2,0.2,2.0,0.6,2.4,-4.6,6.8,0,0,6.6,132,84,112,62,125,172,135,180,119,77,137,88,109,1,142,116,128,138,129,126,102,129,93,151,161,165,160,24,2,157,1,2026-05-30T19:51:17.099804+00:00,leaguedashplayerstats,2026
203822,Rebekah Gardner,Rebekah,1611661313,NYL,35.0,9,5,4,0.556,19.4,2.9,4.6,0.634,0.6,1.4,0.385,1.2,1.4,0.846,0.6,1.7,2.2,1.4,1.0,0.2,0.2,0.2,1.7,1.4,7.6,3.8,12.7,0,0,12.7,1,8,35,87,90,72,112,10,104,118,58,85,97,63,96,107,108,89,105,151,99,122,121,97,84,33,108,24,2,108,1,2026-05-30T19:51:17.099804+00:00,leaguedashplayerstats,2026
1631009,Rhyne Howard,Rhyne,1611661330,ATL,26.0,6,5,1,0.833,35.6,5.0,12.7,0.395,3.0,7.7,0.391,3.5,4.2,0.84,1.2,3.0,4.2,4.2,1.7,2.7,0.8,0.0,2.8,2.7,16.5,6.0,36.6,0,0,34.8,111,8,162,14,1,27,16,125,3,3,56,27,28,67,38,48,44,22,61,1,32,149,44,52,18,17,6,24,2,6,1,2026-05-30T19:51:17.099804+00:00,leaguedashplayerstats,2026
1642288,Rickea Jackson,Rickea,1611661329,CHI,25.0,4,3,1,0.75,29.5,6.0,15.0,0.4,1.5,5.3,0.286,4.5,5.5,0.818,1.0,3.8,4.8,2.0,2.0,0.3,1.8,1.3,1.8,3.5,18.0,-3.8,30.7,0,0,30.3,144,84,162,18,27,13,7,118,27,16,103,14,13,81,42,31,33,59,33,144,7,7,115,31,12,153,22,24,2,22,1,2026-05-30T19:51:17.099804+00:00,leaguedashplayerstats,2026
1643450,Rori Harmon,Rori,1611661322,WAS,23.0,5,2,3,0.4,11.7,0.4,1.8,0.222,0.2,1.0,0.2,0.6,0.8,0.75,0.0,1.6,1.6,1.8,2.2,1.0,0.0,0.0,1.8,1.4,1.6,-4.0,7.0,0,0,7.2,132,123,64,135,147,172,169,177,139,132,129,131,134,98,158,116,137,72,27,45,130,149,112,104,173,156,156,24,2,153,1,2026-05-30T19:51:17.099804+00:00,leaguedashplayerstats,2026
1629477,Sabrina Ionescu,Sabrina,1611661313,NYL,28.0,1,0,1,0.0,30.7,4.0,15.0,0.267,2.0,5.0,0.4,1.0,2.0,0.5,0.0,5.0,5.0,7.0,1.0,0.0,0.0,2.0,2.0,3.0,11.0,-13.0,26.5,0,0,25.0,186,185,162,185,21,48,7,173,12,18,48,96,70,145,158,17,29,3,105,164,130,1,93,44,51,195,37,24,2,40,1,2026-05-30T19:51:17.099804+00:00,leaguedashplayerstats,2026
1642790,Sania Feagin,Sania,1611661320,LAS,23.0,1,0,1,0.0,3.0,0.0,0.0,0.0,0.0,0.0,0.0,0.0,0.0,0.0,0.0,0.0,0.0,0.0,0.0,0.0,0.0,0.0,1.0,0.0,0.0,-4.0,0.0,0,0,0.0,186,185,162,185,189,182,193,182,149,176,149,168,170,168,158,180,183,181,184,164,130,149,158,178,186,156,193,24,2,193,1,2026-05-30T19:51:17.099804+00:00,leaguedashplayerstats,2026
1642809,Saniya Rivers,Saniya,1611661323,CON,23.0,9,1,8,0.111,23.4,2.1,7.9,0.268,0.2,2.2,0.1,1.2,1.8,0.688,0.4,1.8,2.2,3.7,2.0,1.0,0.6,0.3,1.8,1.4,5.7,-10.4,16.5,0,0,14.9,1,152,1,178,69,102,61,172,136,84,147,85,82,121,113,99,108,30,33,45,51,94,114,97,108,194,78,24,2,82,1,2026-05-30T19:51:17.099804+00:00,leaguedashplayerstats,2026
1642782,Sarah Ashlee Barker,Sarah Ashlee,1611661327,PDX,24.0,9,5,4,0.556,20.7,3.9,7.0,0.556,1.1,2.0,0.556,0.8,1.2,0.636,1.1,3.3,4.4,1.6,1.9,1.0,0.2,0.6,2.2,1.9,9.7,3.6,19.1,0,0,19.2,1,8,35,87,84,52,71,29,46,89,12,118,107,133,40,44,41,84,48,45,99,57,81,78,61,34,65,24,2,62,1,2026-05-30T19:51:17.099804+00:00,leaguedashplayerstats,2026
1630149,Satou Sabally,Satou,1611661313,NYL,28.0,4,1,3,0.25,14.0,2.3,6.5,0.346,1.0,2.8,0.364,2.3,2.3,1.0,0.3,2.0,2.3,1.3,1.3,0.0,0.3,0.3,2.8,1.8,7.8,-5.8,11.8,0,0,12.8,144,152,64,162,126,97,80,145,49,66,65,49,65,1,138,87,106,103,89,164,94,113,48,84,80,176,112,24,2,106,1,2026-05-30T19:51:17.099804+00:00,leaguedashplayerstats,2026
1643458,Saylor Poffenbarger,Saylor,1611661329,CHI,23.0,1,0,1,0.0,1.1,0.0,0.0,0.0,0.0,0.0,0.0,0.0,0.0,0.0,0.0,0.0,0.0,0.0,0.0,0.0,0.0,0.0,0.0,0.0,0.0,0.0,0.0,0,0,0.0,186,185,162,185,196,182,193,182,149,176,149,168,170,168,158,180,183,181,184,164,130,149,190,178,186,92,193,24,2,193,1,2026-05-30T19:51:17.099804+00:00,leaguedashplayerstats,2026
1643436,Serah Williams,Serah,1611661327,PDX,22.0,8,4,4,0.5,12.1,1.0,2.9,0.348,0.0,0.1,0.0,0.9,1.9,0.467,0.9,2.1,3.0,0.5,0.4,0.6,0.5,0.3,1.8,1.8,2.9,-0.6,10.2,0,0,8.6,40,54,35,105,143,153,147,144,149,175,149,112,78,161,56,84,75,159,168,92,52,113,115,84,155,102,129,24,2,140,1,2026-05-30T19:51:17.099804+00:00,leaguedashplayerstats,2026
1631022,Shakira Austin,Shakira,1611661322,WAS,25.0,7,3,4,0.429,29.1,6.0,11.0,0.545,0.3,0.9,0.333,4.9,6.1,0.791,0.9,7.9,8.7,2.9,2.4,0.7,1.1,0.6,2.6,4.4,17.1,1.1,35.0,4,0,32.7,64,84,35,128,29,13,30,34,127,142,76,10,8,90,58,2,6,41,21,75,13,49,62,16,16,72,9,3,2,9,1,2026-05-30T19:51:17.099804+00:00,leaguedashplayerstats,2026
1628278,Shatori Walker-Kimbrough,Shatori,1611661325,IND,31.0,2,2,0,1.0,3.3,0.0,0.5,0.0,0.0,0.0,0.0,0.0,0.0,0.0,0.0,0.0,0.0,0.0,0.5,0.0,0.0,0.0,0.0,0.0,0.0,-7.0,-0.5,0,0,0.0,174,123,184,1,187,182,187,182,149,176,149,168,170,168,158,180,183,181,150,164,130,149,190,178,186,182,196,24,2,193,1,2026-05-30T19:51:17.099804+00:00,leaguedashplayerstats,2026
1631021,Sika Kone,Sika,1611661330,ATL,23.0,7,5,2,0.714,4.5,0.4,1.6,0.273,0.1,0.7,0.2,0.0,0.0,0.0,0.1,0.7,0.9,0.0,0.3,0.0,0.0,0.1,0.6,0.1,1.0,-1.7,1.7,0,0,2.0,64,8,112,28,182,171,176,171,145,148,129,168,170,168,150,159,170,181,173,164,130,135,175,175,179,124,185,24,2,183,1,2026-05-30T19:51:17.099804+00:00,leaguedashplayerstats,2026
203400,Skylar Diggins,Skylar,1611661329,CHI,35.0,7,2,5,0.286,30.0,5.0,12.4,0.402,0.9,3.6,0.24,3.3,4.4,0.742,0.9,3.7,4.6,5.6,1.4,1.1,1.0,0.9,2.7,3.0,14.1,-5.3,33.0,1,0,29.4,64,123,25,160,24,27,17,117,75,43,121,29,24,112,58,32,36,12,76,35,18,23,52,44,30,173,16,15,2,24,1,2026-05-30T19:51:17.099804+00:00,leaguedashplayerstats,2026
1642785,Sonia Citron,Sonia,1611661322,WAS,22.0,7,3,4,0.429,33.4,5.6,10.3,0.542,1.1,3.7,0.308,5.4,6.4,0.844,1.0,2.4,3.4,2.9,2.6,1.4,0.6,0.3,1.9,6.0,17.7,2.1,29.5,0,0,29.1,64,84,35,128,6,22,37,36,42,41,96,6,5,65,42,70,68,41,18,17,46,107,107,7,14,55,28,24,2,25,1,2026-05-30T19:51:17.099804+00:00,leaguedashplayerstats,2026
1629482,Sophie Cunningham,Sophie,1611661325,IND,29.0,7,4,3,0.571,23.8,3.1,7.0,0.449,1.1,4.3,0.267,1.6,1.9,0.846,0.3,2.4,2.7,1.4,0.7,0.7,0.1,0.6,2.1,2.6,9.0,1.9,16.3,0,0,16.0,64,54,64,67,66,67,71,83,42,27,111,70,79,63,135,70,85,90,139,75,110,49,88,58,64,61,80,24,2,73,1,2026-05-30T19:51:17.099804+00:00,leaguedashplayerstats,2026
203828,Stefanie Dolson,Stefanie,1611661328,SEA,34.0,9,3,6,0.333,24.6,2.2,4.2,0.526,0.8,1.9,0.412,2.0,2.2,0.9,0.7,3.1,3.8,1.8,1.2,0.6,1.1,0.1,3.4,3.1,7.2,0.9,18.2,0,0,16.9,1,84,15,143,59,98,115,43,81,98,45,51,66,40,83,46,57,73,90,106,16,145,15,42,92,79,68,24,2,71,1,2026-05-30T19:51:17.099804+00:00,leaguedashplayerstats,2026
203855,Stephanie Talbot,Stephanie,1611661319,LVA,31.0,7,4,3,0.571,16.0,1.3,2.4,0.529,0.0,0.9,0.0,0.1,0.3,0.5,0.6,2.0,2.6,1.3,0.7,0.6,0.3,0.1,1.0,0.9,2.7,-3.1,9.6,0,0,8.3,64,54,64,67,110,145,157,40,149,142,149,162,164,145,92,87,89,99,139,100,87,135,158,135,158,142,137,24,2,145,1,2026-05-30T19:51:17.099804+00:00,leaguedashplayerstats,2026
1630134,Sug Sutton,Sug,1611661327,PDX,27.0,3,1,2,0.333,22.8,4.3,10.3,0.419,0.7,2.7,0.25,2.0,3.3,0.6,0.3,1.3,1.7,5.7,2.0,0.7,0.0,0.7,1.7,2.7,11.3,-4.7,21.8,0,0,20.7,158,152,112,143,72,41,35,105,90,69,117,51,42,139,127,129,134,11,33,83,130,37,121,52,50,166,55,24,2,57,1,2026-05-30T19:51:17.099804+00:00,leaguedashplayerstats,2026
1642321,Sydney Taylor,Sydney,1611661329,CHI,24.0,6,2,4,0.333,13.9,2.8,8.7,0.327,1.2,5.5,0.212,2.3,2.7,0.875,0.5,0.7,1.2,1.5,0.5,0.3,0.2,0.8,1.8,2.7,9.2,0.3,13.8,0,0,14.0,111,123,35,143,127,77,49,158,40,13,127,46,54,55,101,161,155,86,150,132,105,26,111,52,62,88,98,24,2,95,1,2026-05-30T19:51:17.099804+00:00,leaguedashplayerstats,2026
1643444,Ta'Niya Latson,Ta'Niya,1611661320,LAS,22.0,4,2,2,0.5,3.3,0.3,0.8,0.333,0.0,0.3,0.0,0.8,1.0,0.75,0.0,0.3,0.3,0.0,0.8,0.0,0.0,0.3,0.5,0.5,1.3,-2.5,0.8,0,0,1.5,144,123,112,105,186,178,185,150,149,171,149,121,114,98,158,176,180,181,132,164,130,113,176,152,177,137,188,24,2,187,1,2026-05-30T19:51:17.099804+00:00,leaguedashplayerstats,2026
1643473,Taina Mair,Taina,1611661328,SEA,22.0,1,0,1,0.0,3.2,0.0,1.0,0.0,0.0,0.0,0.0,0.0,0.0,0.0,0.0,0.0,0.0,1.0,0.0,0.0,0.0,0.0,0.0,1.0,0.0,-1.0,1.5,0,0,1.0,186,185,162,185,188,182,179,182,149,176,149,168,170,168,158,180,183,115,184,164,130,149,190,123,186,108,186,24,2,188,1,2026-05-30T19:51:17.099804+00:00,leaguedashplayerstats,2026
1642814,Taylor Thierry,Taylor,1611661328,SEA,23.0,2,1,1,0.5,6.8,1.0,2.0,0.5,1.0,1.5,0.667,0.0,0.0,0.0,1.0,0.5,1.5,0.0,0.0,0.0,0.0,0.0,2.5,0.0,3.0,-2.5,4.8,0,0,5.5,174,152,162,105,176,153,164,53,49,112,3,168,170,168,42,167,139,181,184,164,130,149,65,178,150,137,171,24,2,166,1,2026-05-30T19:51:17.099804+00:00,leaguedashplayerstats,2026
1642804,Te-Hina Paopao,Te-Hina,1611661330,ATL,23.0,7,5,2,0.714,17.5,2.3,5.6,0.41,1.4,3.4,0.417,0.7,0.9,0.833,0.1,1.7,1.9,1.9,1.1,0.1,0.3,0.7,1.6,0.9,6.7,-1.6,11.9,0,0,12.7,64,8,112,28,100,96,95,109,28,50,42,123,131,69,150,103,126,70,96,158,87,31,130,135,95,121,111,24,2,107,1,2026-05-30T19:51:17.099804+00:00,leaguedashplayerstats,2026
1629479,Teaira McCowan,Teaira,1611661324,MIN,29.0,1,1,0,1.0,9.6,0.0,2.0,0.0,0.0,0.0,0.0,0.0,0.0,0.0,0.0,4.0,4.0,1.0,2.0,0.0,2.0,0.0,2.0,0.0,0.0,11.0,10.3,0,0,9.0,186,152,184,1,163,182,164,182,149,176,149,168,170,168,158,27,47,115,33,164,3,149,93,178,186,2,128,24,2,135,1,2026-05-30T19:51:17.099804+00:00,leaguedashplayerstats,2026
1643506,Teja Oblak,Teja,1611661327,PDX,35.0,3,3,0,1.0,17.4,2.3,5.0,0.467,1.0,1.0,1.0,0.3,1.0,0.333,0.7,0.7,1.3,5.0,3.0,0.7,0.0,1.0,2.3,1.0,6.0,5.3,14.1,0,0,14.7,158,84,184,1,102,93,103,71,49,132,1,151,114,163,83,161,144,16,12,83,130,11,74,123,103,22,97,24,2,85,1,2026-05-30T19:51:17.099804+00:00,leaguedashplayerstats,2026
1627701,Temi Fagbenle,Temi,1611661332,TOR,33.0,1,0,1,0.0,15.6,0.0,2.0,0.0,0.0,1.0,0.0,2.0,2.0,1.0,0.0,1.0,1.0,1.0,4.0,1.0,0.0,0.0,4.0,1.0,2.0,0.0,3.7,0,0,6.0,186,185,162,185,117,182,164,182,149,132,149,51,70,1,158,141,160,115,4,45,130,149,4,123,167,92,180,24,2,165,1,2026-05-30T19:51:17.099804+00:00,leaguedashplayerstats,2026
1643457,Teonni Key,Teonni,1611661332,TOR,22.0,9,5,4,0.556,11.5,1.1,2.4,0.455,0.3,1.0,0.333,0.4,0.9,0.5,1.2,1.2,2.4,0.2,0.8,0.3,0.7,0.1,1.9,1.0,3.0,-1.4,8.5,0,0,8.0,1,8,35,87,149,152,156,81,122,132,76,145,127,145,36,134,94,177,130,132,35,145,105,123,150,117,143,24,2,146,1,2026-05-30T19:51:17.099804+00:00,leaguedashplayerstats,2026
203026,Tiffany Hayes,Tiffany,1611661331,GSV,36.0,5,4,1,0.8,13.3,2.4,5.6,0.429,0.6,1.8,0.333,2.2,2.4,0.917,0.0,1.2,1.2,1.6,0.6,0.2,0.0,0.0,2.0,3.4,7.6,1.8,11.4,0,0,11.4,132,54,162,16,136,92,94,97,98,103,76,50,61,33,158,137,153,81,149,154,130,149,93,36,83,63,120,24,2,117,1,2026-05-30T19:51:17.099804+00:00,leaguedashplayerstats,2026
1643647,Tima Pouye,Tima,1611661332,TOR,27.0,1,1,0,1.0,3.6,0.0,0.0,0.0,0.0,0.0,0.0,2.0,2.0,1.0,0.0,0.0,0.0,0.0,0.0,0.0,0.0,0.0,0.0,1.0,2.0,-2.0,2.0,0,0,2.0,186,152,184,1,185,182,193,182,149,176,149,51,70,1,158,180,183,181,184,164,130,149,190,123,167,128,183,24,2,183,1,2026-05-30T19:51:17.099804+00:00,leaguedashplayerstats,2026
1630112,Tyasha Harris,Tyasha,1611661325,IND,28.0,6,4,2,0.667,12.5,0.8,2.8,0.294,0.2,1.3,0.125,0.3,0.3,1.0,0.0,1.0,1.0,2.0,0.7,0.3,0.2,0.0,1.0,0.3,2.2,1.2,7.2,0,0,6.3,111,54,112,46,140,163,149,168,141,122,144,151,160,1,158,141,160,59,143,132,105,149,158,165,166,71,151,24,2,160,1,2026-05-30T19:51:17.099804+00:00,leaguedashplayerstats,2026
204468,Valeriane Ayayi,Valeriane,1611661317,PHX,32.0,6,1,5,0.167,9.9,0.8,2.5,0.333,0.3,0.8,0.4,1.3,2.2,0.615,0.3,1.7,2.0,1.0,0.8,0.5,0.0,0.7,1.7,2.3,3.3,-2.2,7.9,0,0,7.7,111,152,25,174,159,163,154,150,122,145,48,79,68,138,127,107,113,115,126,110,130,37,121,64,148,134,147,24,2,151,1,2026-05-30T19:51:17.099804+00:00,leaguedashplayerstats,2026
1631007,Veronica Burton,Veronica,1611661331,GSV,25.0,7,5,2,0.714,28.8,4.7,11.7,0.402,1.9,4.4,0.419,4.6,5.3,0.865,0.9,2.4,3.3,5.9,1.6,1.0,1.0,0.9,3.9,6.4,15.9,8.4,33.0,1,0,30.9,64,8,112,28,32,31,19,115,19,23,41,13,14,57,58,70,72,9,66,45,18,23,10,3,22,5,15,15,2,18,1,2026-05-30T19:51:17.099804+00:00,leaguedashplayerstats,2026
1641660,Zia Cooke,Zia,1611661328,SEA,25.0,9,3,6,0.333,18.1,3.2,9.4,0.341,1.1,3.6,0.313,2.4,3.0,0.815,0.9,1.6,2.4,1.6,1.7,0.4,0.0,0.6,1.3,2.3,10.0,1.1,14.9,0,0,16.0,1,84,15,143,95,65,43,148,46,45,95,43,47,84,54,119,94,84,61,119,130,57,145,64,59,73,89,24,2,73,1,2026-05-30T19:51:17.099804+00:00,leaguedashplayerstats,2026
